config_id,time,direction,entry_price,exit_price,atr,rr_ratio,outcome,gain_pct,gain_usd,balance,rsi,macd,obv,supertrend,cci,adx,di_pos,di_neg,signal_strength,signal_passed_filter,indicator_config
0,2025-05-05 23:10:00,SHORT,0.5149,0.5156,0.0016431542175925073,1.0,OPEN,0.0,0.0,1000.0,47.42190253833286,-0.00014335613363310954,,True,-75.90996168582875,,,,3,True,"{""EMA_FAST"": 20, ""EMA_SLOW"": 50, ""RSI"": 14, ""MACD"": true, ""ATR"": 7, ""OBV"": false, ""CCI"": 10, ""SUPER_TREND"": {""period"": 10, ""multiplier"": 2.0}}"
0,2025-05-05 23:20:00,SHORT,0.515,0.5132,0.0016092561598638681,1.0,TP,1.0,50.0,1050.0,47.85553533459195,-0.00020681001165216597,,True,-81.6947565543061,,,,3,True,"{""EMA_FAST"": 20, ""EMA_SLOW"": 50, ""RSI"": 14, ""MACD"": true, ""ATR"": 7, ""OBV"": false, ""CCI"": 10, ""SUPER_TREND"": {""period"": 10, ""multiplier"": 2.0}}"
0,2025-05-05 23:25:00,SHORT,0.5132,0.5132,0.0016936481370261696,1.0,OPEN,0.0,0.0,1050.0,41.72644960713794,-0.0003434736290106924,,False,-155.80618212196998,,,,3,True,"{""EMA_FAST"": 20, ""EMA_SLOW"": 50, ""RSI"": 14, ""MACD"": true, ""ATR"": 7, ""OBV"": false, ""CCI"": 10, ""SUPER_TREND"": {""period"": 10, ""multiplier"": 2.0}}"
0,2025-05-05 23:35:00,SHORT,0.5131,0.5129,0.001491251692509009,1.0,OPEN,0.0,0.0,1050.0,41.384940169172125,-0.0004458649263754952,,False,-125.18471606501997,,,,3,True,"{""EMA_FAST"": 20, ""EMA_SLOW"": 50, ""RSI"": 14, ""MACD"": true, ""ATR"": 7, ""OBV"": false, ""CCI"": 10, ""SUPER_TREND"": {""period"": 10, ""multiplier"": 2.0}}"
0,2025-05-05 23:40:00,SHORT,0.5129,0.5123,0.0013496443078648728,1.0,OPEN,0.0,0.0,1050.0,40.6680391641941,-0.00045629329158347674,,False,-106.9004524886843,,,,3,True,"{""EMA_FAST"": 20, ""EMA_SLOW"": 50, ""RSI"": 14, ""MACD"": true, ""ATR"": 7, ""OBV"": false, ""CCI"": 10, ""SUPER_TREND"": {""period"": 10, ""multiplier"": 2.0}}"
0,2025-05-05 23:45:00,SHORT,0.5123,0.512,0.001342552263884172,1.0,OPEN,0.0,0.0,1050.0,38.51264763474482,-0.0004774821664310208,,False,-99.27536231884037,,,,3,True,"{""EMA_FAST"": 20, ""EMA_SLOW"": 50, ""RSI"": 14, ""MACD"": true, ""ATR"": 7, ""OBV"": false, ""CCI"": 10, ""SUPER_TREND"": {""period"": 10, ""multiplier"": 2.0}}"
0,2025-05-05 23:50:00,SHORT,0.512,0.5121,0.0012793305119007206,1.0,OPEN,0.0,0.0,1050.0,37.44405900855011,-0.0004840711868350316,,False,-112.61261261261247,,,,3,True,"{""EMA_FAST"": 20, ""EMA_SLOW"": 50, ""RSI"": 14, ""MACD"": true, ""ATR"": 7, ""OBV"": false, ""CCI"": 10, ""SUPER_TREND"": {""period"": 10, ""multiplier"": 2.0}}"
0,2025-05-06 00:00:00,SHORT,0.5117,0.5122,0.0013174673148658236,1.0,SL,-1.0,-52.5,997.5,36.50995030642333,-0.0004347736485169721,,False,-100.3584229390731,,,,3,True,"{""EMA_FAST"": 20, ""EMA_SLOW"": 50, ""RSI"": 14, ""MACD"": true, ""ATR"": 7, ""OBV"": false, ""CCI"": 10, ""SUPER_TREND"": {""period"": 10, ""multiplier"": 2.0}}"
0,2025-05-06 00:15:00,SHORT,0.5106,0.5109,0.0015454021574665302,1.0,OPEN,0.0,0.0,997.5,34.91887972699753,-0.00031183951177914603,,False,-146.66666666666498,,,,3,True,"{""EMA_FAST"": 20, ""EMA_SLOW"": 50, ""RSI"": 14, ""MACD"": true, ""ATR"": 7, ""OBV"": false, ""CCI"": 10, ""SUPER_TREND"": {""period"": 10, ""multiplier"": 2.0}}"
0,2025-05-06 00:30:00,SHORT,0.5117,0.5096,0.0018046847405620216,1.0,TP,1.0,49.875,1047.375,43.46484038019287,-8.136978664942754e-05,,True,30.913978494615417,,,,3,True,"{""EMA_FAST"": 20, ""EMA_SLOW"": 50, ""RSI"": 14, ""MACD"": true, ""ATR"": 7, ""OBV"": false, ""CCI"": 10, ""SUPER_TREND"": {""period"": 10, ""multiplier"": 2.0}}"
0,2025-05-06 00:35:00,SHORT,0.5096,0.509,0.0019611583490531633,1.0,OPEN,0.0,0.0,1047.375,37.38135603944758,-0.00019715139128423658,,True,-164.94845360823624,,,,3,True,"{""EMA_FAST"": 20, ""EMA_SLOW"": 50, ""RSI"": 14, ""MACD"": true, ""ATR"": 7, ""OBV"": false, ""CCI"": 10, ""SUPER_TREND"": {""period"": 10, ""multiplier"": 2.0}}"
0,2025-05-06 00:40:00,SHORT,0.509,0.5078,0.001880992870616991,1.0,OPEN,0.0,0.0,1047.375,35.83797075477756,-0.0002900747102093004,,False,-163.12056737589282,,,,3,True,"{""EMA_FAST"": 20, ""EMA_SLOW"": 50, ""RSI"": 14, ""MACD"": true, ""ATR"": 7, ""OBV"": false, ""CCI"": 10, ""SUPER_TREND"": {""period"": 10, ""multiplier"": 2.0}}"
0,2025-05-06 00:45:00,SHORT,0.5078,0.5085,0.001912279603385991,1.0,OPEN,0.0,0.0,1047.375,32.91126811641742,-0.00040142916391351755,,False,-158.7215601300128,,,,3,True,"{""EMA_FAST"": 20, ""EMA_SLOW"": 50, ""RSI"": 14, ""MACD"": true, ""ATR"": 7, ""OBV"": false, ""CCI"": 10, ""SUPER_TREND"": {""period"": 10, ""multiplier"": 2.0}}"
0,2025-05-06 01:00:00,SHORT,0.509,0.5091,0.0017899486715200353,1.0,OPEN,0.0,0.0,1047.375,39.530034683896915,-0.00023166374600637279,,False,-29.578462628409287,,,,3,True,"{""EMA_FAST"": 20, ""EMA_SLOW"": 50, ""RSI"": 14, ""MACD"": true, ""ATR"": 7, ""OBV"": false, ""CCI"": 10, ""SUPER_TREND"": {""period"": 10, ""multiplier"": 2.0}}"
0,2025-05-06 02:05:00,SHORT,0.5101,0.5084,0.0021634749082804676,1.0,OPEN,0.0,0.0,1047.375,43.985499511647795,-2.532102264966472e-05,,False,-113.97849462365838,,,,3,True,"{""EMA_FAST"": 20, ""EMA_SLOW"": 50, ""RSI"": 14, ""MACD"": true, ""ATR"": 7, ""OBV"": false, ""CCI"": 10, ""SUPER_TREND"": {""period"": 10, ""multiplier"": 2.0}}"
0,2025-05-06 02:10:00,SHORT,0.5084,0.5068,0.0021544070642403996,1.0,OPEN,0.0,0.0,1047.375,39.117389187398196,-0.00018013831466955028,,False,-163.5416666666688,,,,3,True,"{""EMA_FAST"": 20, ""EMA_SLOW"": 50, ""RSI"": 14, ""MACD"": true, ""ATR"": 7, ""OBV"": false, ""CCI"": 10, ""SUPER_TREND"": {""period"": 10, ""multiplier"": 2.0}}"
0,2025-05-06 02:15:00,SHORT,0.5068,0.5061,0.0021466346264917696,1.0,OPEN,0.0,0.0,1047.375,35.17188692670601,-0.000365866849590801,,False,-187.49999999999858,,,,3,True,"{""EMA_FAST"": 20, ""EMA_SLOW"": 50, ""RSI"": 14, ""MACD"": true, ""ATR"": 7, ""OBV"": false, ""CCI"": 10, ""SUPER_TREND"": {""period"": 10, ""multiplier"": 2.0}}"
0,2025-05-06 02:20:00,SHORT,0.5061,0.5072,0.0021256868227072312,1.0,SL,-1.0,-52.36875,995.00625,33.57627354203551,-0.0005029639740165856,,False,-165.4637797380445,,,,3,True,"{""EMA_FAST"": 20, ""EMA_SLOW"": 50, ""RSI"": 14, ""MACD"": true, ""ATR"": 7, ""OBV"": false, ""CCI"": 10, ""SUPER_TREND"": {""period"": 10, ""multiplier"": 2.0}}"
0,2025-05-06 02:35:00,SHORT,0.5096,0.5091,0.002314718232375401,1.0,OPEN,0.0,0.0,995.00625,47.17592181538211,-0.00014074301641971263,,False,24.40476190476315,,,,3,True,"{""EMA_FAST"": 20, ""EMA_SLOW"": 50, ""RSI"": 14, ""MACD"": true, ""ATR"": 7, ""OBV"": false, ""CCI"": 10, ""SUPER_TREND"": {""period"": 10, ""multiplier"": 2.0}}"
0,2025-05-06 02:40:00,SHORT,0.5091,0.5122,0.0021554727706074835,1.0,SL,-1.0,-49.7503125,945.2559375000001,45.61389606157837,-6.753215887812607e-05,,False,22.79348757497927,,,,3,True,"{""EMA_FAST"": 20, ""EMA_SLOW"": 50, ""RSI"": 14, ""MACD"": true, ""ATR"": 7, ""OBV"": false, ""CCI"": 10, ""SUPER_TREND"": {""period"": 10, ""multiplier"": 2.0}}"
0,2025-05-06 06:30:00,SHORT,0.5128,0.5135,0.001372446774762396,1.0,OPEN,0.0,0.0,945.2559375000001,39.982630885748975,-0.00021994760528980554,,False,-150.20297699595233,,,,3,True,"{""EMA_FAST"": 20, ""EMA_SLOW"": 50, ""RSI"": 14, ""MACD"": true, ""ATR"": 7, ""OBV"": false, ""CCI"": 10, ""SUPER_TREND"": {""period"": 10, ""multiplier"": 2.0}}"
0,2025-05-06 06:45:00,SHORT,0.5136,0.5136,0.001453494178859122,1.0,OPEN,0.0,0.0,945.2559375000001,44.97169785715047,-9.650201232833458e-05,,False,-6.802721088434449,,,,3,True,"{""EMA_FAST"": 20, ""EMA_SLOW"": 50, ""RSI"": 14, ""MACD"": true, ""ATR"": 7, ""OBV"": false, ""CCI"": 10, ""SUPER_TREND"": {""period"": 10, ""multiplier"": 2.0}}"
0,2025-05-06 07:25:00,SHORT,0.5127,0.5132,0.0015473519343891697,1.0,SL,-1.0,-47.26279687500001,897.993140625,41.361117427837144,-7.09629624999171e-05,,False,-104.93827160493325,,,,3,True,"{""EMA_FAST"": 20, ""EMA_SLOW"": 50, ""RSI"": 14, ""MACD"": true, ""ATR"": 7, ""OBV"": false, ""CCI"": 10, ""SUPER_TREND"": {""period"": 10, ""multiplier"": 2.0}}"
0,2025-05-06 07:35:00,SHORT,0.5116,0.5126,0.0017817279517961125,1.0,OPEN,0.0,0.0,897.993140625,38.03394297840457,-0.0002277940562315071,,False,-99.30249632892591,,,,3,True,"{""EMA_FAST"": 20, ""EMA_SLOW"": 50, ""RSI"": 14, ""MACD"": true, ""ATR"": 7, ""OBV"": false, ""CCI"": 10, ""SUPER_TREND"": {""period"": 10, ""multiplier"": 2.0}}"
0,2025-05-06 07:45:00,SHORT,0.5121,0.5108,0.0016784123727481529,1.0,OPEN,0.0,0.0,897.993140625,41.37701212570204,-0.00023903627252480733,,False,-73.20024198426698,,,,3,True,"{""EMA_FAST"": 20, ""EMA_SLOW"": 50, ""RSI"": 14, ""MACD"": true, ""ATR"": 7, ""OBV"": false, ""CCI"": 10, ""SUPER_TREND"": {""period"": 10, ""multiplier"": 2.0}}"
0,2025-05-06 07:50:00,SHORT,0.5108,0.5113,0.0016243534623555551,1.0,OPEN,0.0,0.0,897.993140625,36.894553905347635,-0.00031550018755388624,,False,-114.30010070493496,,,,3,True,"{""EMA_FAST"": 20, ""EMA_SLOW"": 50, ""RSI"": 14, ""MACD"": true, ""ATR"": 7, ""OBV"": false, ""CCI"": 10, ""SUPER_TREND"": {""period"": 10, ""multiplier"": 2.0}}"
0,2025-05-06 08:00:00,SHORT,0.5091,0.5086,0.0018260556049959254,1.0,OPEN,0.0,0.0,897.993140625,32.908104490851485,-0.0004273147672497228,,False,-172.07792207791044,,,,3,True,"{""EMA_FAST"": 20, ""EMA_SLOW"": 50, ""RSI"": 14, ""MACD"": true, ""ATR"": 7, ""OBV"": false, ""CCI"": 10, ""SUPER_TREND"": {""period"": 10, ""multiplier"": 2.0}}"
0,2025-05-06 08:05:00,SHORT,0.5086,0.5067,0.0018366190899965094,1.0,TP,1.0,44.89965703125,942.89279765625,31.600355123559453,-0.0005040263285911027,,False,-158.59030837004923,,,,3,True,"{""EMA_FAST"": 20, ""EMA_SLOW"": 50, ""RSI"": 14, ""MACD"": true, ""ATR"": 7, ""OBV"": false, ""CCI"": 10, ""SUPER_TREND"": {""period"": 10, ""multiplier"": 2.0}}"
0,2025-05-06 08:10:00,SHORT,0.5067,0.5031,0.001959959219997013,1.0,TP,1.0,47.1446398828125,990.0374375390625,27.18015563363214,-0.000640023425972968,,False,-172.27319062181598,,,,3,True,"{""EMA_FAST"": 20, ""EMA_SLOW"": 50, ""RSI"": 14, ""MACD"": true, ""ATR"": 7, ""OBV"": false, ""CCI"": 10, ""SUPER_TREND"": {""period"": 10, ""multiplier"": 2.0}}"
0,2025-05-06 08:15:00,SHORT,0.5031,0.5025,0.002237107902854585,1.0,OPEN,0.0,0.0,990.0374375390625,21.14497075155157,-0.0009130816418629001,,False,-182.13572854291414,,,,3,True,"{""EMA_FAST"": 20, ""EMA_SLOW"": 50, ""RSI"": 14, ""MACD"": true, ""ATR"": 7, ""OBV"": false, ""CCI"": 10, ""SUPER_TREND"": {""period"": 10, ""multiplier"": 2.0}}"
0,2025-05-06 08:20:00,SHORT,0.5025,0.5044,0.0022746639167325095,1.0,OPEN,0.0,0.0,990.0374375390625,20.33455702446399,-0.0010641988594219671,,False,-160.9767662399237,,,,3,True,"{""EMA_FAST"": 20, ""EMA_SLOW"": 50, ""RSI"": 14, ""MACD"": true, ""ATR"": 7, ""OBV"": false, ""CCI"": 10, ""SUPER_TREND"": {""period"": 10, ""multiplier"": 2.0}}"
0,2025-05-06 09:30:00,SHORT,0.5048,0.5031,0.0018830650729783356,1.0,TP,1.0,49.50187187695312,1039.5393094160156,37.89189111194796,-5.053266225255124e-05,,False,-92.07459207458962,,,,3,True,"{""EMA_FAST"": 20, ""EMA_SLOW"": 50, ""RSI"": 14, ""MACD"": true, ""ATR"": 7, ""OBV"": false, ""CCI"": 10, ""SUPER_TREND"": {""period"": 10, ""multiplier"": 2.0}}"
0,2025-05-06 09:35:00,SHORT,0.5031,0.5005,0.001999770062552864,1.0,TP,1.0,51.97696547080078,1091.5162748868163,33.79845773845513,-0.00015548099224347352,,False,-113.63967906637528,,,,3,True,"{""EMA_FAST"": 20, ""EMA_SLOW"": 50, ""RSI"": 14, ""MACD"": true, ""ATR"": 7, ""OBV"": false, ""CCI"": 10, ""SUPER_TREND"": {""period"": 10, ""multiplier"": 2.0}}"
0,2025-05-06 09:40:00,SHORT,0.5005,0.5008,0.0022569457679024506,1.0,OPEN,0.0,0.0,1091.5162748868163,28.693081554705785,-0.000364060087364209,,False,-175.74578469520418,,,,3,True,"{""EMA_FAST"": 20, ""EMA_SLOW"": 50, ""RSI"": 14, ""MACD"": true, ""ATR"": 7, ""OBV"": false, ""CCI"": 10, ""SUPER_TREND"": {""period"": 10, ""multiplier"": 2.0}}"
0,2025-05-06 10:00:00,SHORT,0.5004,0.5005,0.002271179389921516,1.0,OPEN,0.0,0.0,1091.5162748868163,32.6516573707558,-0.0002851942674302363,,False,-74.12935323383167,,,,3,True,"{""EMA_FAST"": 20, ""EMA_SLOW"": 50, ""RSI"": 14, ""MACD"": true, ""ATR"": 7, ""OBV"": false, ""CCI"": 10, ""SUPER_TREND"": {""period"": 10, ""multiplier"": 2.0}}"
0,2025-05-06 10:10:00,SHORT,0.4997,0.5011,0.002138009347697441,1.0,OPEN,0.0,0.0,1091.5162748868163,31.360890739975474,-0.0002766015552720818,,False,-92.75594760758804,,,,3,True,"{""EMA_FAST"": 20, ""EMA_SLOW"": 50, ""RSI"": 14, ""MACD"": true, ""ATR"": 7, ""OBV"": false, ""CCI"": 10, ""SUPER_TREND"": {""period"": 10, ""multiplier"": 2.0}}"
0,2025-05-06 10:20:00,SHORT,0.4987,0.4984,0.00265037421463485,1.0,OPEN,0.0,0.0,1091.5162748868163,32.18371266901987,-0.00020704997951077756,,False,-124.29022082019578,,,,3,True,"{""EMA_FAST"": 20, ""EMA_SLOW"": 50, ""RSI"": 14, ""MACD"": true, ""ATR"": 7, ""OBV"": false, ""CCI"": 10, ""SUPER_TREND"": {""period"": 10, ""multiplier"": 2.0}}"
0,2025-05-06 10:25:00,SHORT,0.4984,0.4992,0.0025860350411155905,1.0,OPEN,0.0,0.0,1091.5162748868163,31.582502127430786,-0.00022558587952886547,,False,-109.66257668711128,,,,3,True,"{""EMA_FAST"": 20, ""EMA_SLOW"": 50, ""RSI"": 14, ""MACD"": true, ""ATR"": 7, ""OBV"": false, ""CCI"": 10, ""SUPER_TREND"": {""period"": 10, ""multiplier"": 2.0}}"
0,2025-05-06 10:35:00,SHORT,0.4972,0.4949,0.0026101481934726685,1.0,TP,1.0,54.57581374434081,1146.0920886311571,30.838647568810813,-0.00020517284713816733,,False,-118.80597014925604,,,,3,True,"{""EMA_FAST"": 20, ""EMA_SLOW"": 50, ""RSI"": 14, ""MACD"": true, ""ATR"": 7, ""OBV"": false, ""CCI"": 10, ""SUPER_TREND"": {""period"": 10, ""multiplier"": 2.0}}"
0,2025-05-06 10:40:00,SHORT,0.4949,0.4957,0.002722984165833718,1.0,OPEN,0.0,0.0,1146.0920886311571,26.832505874502743,-0.0003517189734543167,,False,-189.1891891891878,,,,3,True,"{""EMA_FAST"": 20, ""EMA_SLOW"": 50, ""RSI"": 14, ""MACD"": true, ""ATR"": 7, ""OBV"": false, ""CCI"": 10, ""SUPER_TREND"": {""period"": 10, ""multiplier"": 2.0}}"
0,2025-05-06 10:55:00,SHORT,0.4956,0.4983,0.002450625597143099,1.0,SL,-1.0,-57.304604431557856,1088.7874841995992,32.09449629674074,-0.00021075600678750273,,False,-76.6985138004246,,,,3,True,"{""EMA_FAST"": 20, ""EMA_SLOW"": 50, ""RSI"": 14, ""MACD"": true, ""ATR"": 7, ""OBV"": false, ""CCI"": 10, ""SUPER_TREND"": {""period"": 10, ""multiplier"": 2.0}}"
0,2025-05-06 11:35:00,SHORT,0.4931,0.4928,0.0022283991005016615,1.0,OPEN,0.0,0.0,1088.7874841995992,29.740492471405815,-3.6873036283794312e-06,,False,-168.106312292359,,,,3,True,"{""EMA_FAST"": 20, ""EMA_SLOW"": 50, ""RSI"": 14, ""MACD"": true, ""ATR"": 7, ""OBV"": false, ""CCI"": 10, ""SUPER_TREND"": {""period"": 10, ""multiplier"": 2.0}}"
0,2025-05-06 11:40:00,SHORT,0.4928,0.4902,0.002138627800429994,1.0,TP,1.0,54.43937420997996,1143.226858409579,29.132527895904914,-8.84558418098127e-05,,False,-157.23873441993726,,,,3,True,"{""EMA_FAST"": 20, ""EMA_SLOW"": 50, ""RSI"": 14, ""MACD"": true, ""ATR"": 7, ""OBV"": false, ""CCI"": 10, ""SUPER_TREND"": {""period"": 10, ""multiplier"": 2.0}}"
0,2025-05-06 11:45:00,SHORT,0.4902,0.4881,0.0023473952575114227,1.0,TP,1.0,57.16134292047896,1200.388201330058,24.464772611586966,-0.00028087672558874816,,False,-156.9935512563937,,,,3,True,"{""EMA_FAST"": 20, ""EMA_SLOW"": 50, ""RSI"": 14, ""MACD"": true, ""ATR"": 7, ""OBV"": false, ""CCI"": 10, ""SUPER_TREND"": {""period"": 10, ""multiplier"": 2.0}}"
0,2025-05-06 11:50:00,SHORT,0.4881,0.4908,0.002683481649295503,1.0,SL,-1.0,-60.01941006650291,1140.3687912635553,21.47224605220113,-0.0004981359865456501,,False,-168.5655100983952,,,,3,True,"{""EMA_FAST"": 20, ""EMA_SLOW"": 50, ""RSI"": 14, ""MACD"": true, ""ATR"": 7, ""OBV"": false, ""CCI"": 10, ""SUPER_TREND"": {""period"": 10, ""multiplier"": 2.0}}"
0,2025-05-06 15:05:00,SHORT,0.4943,0.4967,0.002246136585249799,1.0,SL,-1.0,-57.018439563177765,1083.3503517003776,44.36118942631429,-0.0004933767077514265,,False,-120.65914620659287,,,,3,True,"{""EMA_FAST"": 20, ""EMA_SLOW"": 50, ""RSI"": 14, ""MACD"": true, ""ATR"": 7, ""OBV"": false, ""CCI"": 10, ""SUPER_TREND"": {""period"": 10, ""multiplier"": 2.0}}"
0,2025-05-06 15:50:00,SHORT,0.4928,0.4943,0.0023022490153265756,1.0,OPEN,0.0,0.0,1083.3503517003776,40.31980311717878,-0.0005986780233376387,,False,-128.6427976686079,,,,3,True,"{""EMA_FAST"": 20, ""EMA_SLOW"": 50, ""RSI"": 14, ""MACD"": true, ""ATR"": 7, ""OBV"": false, ""CCI"": 10, ""SUPER_TREND"": {""period"": 10, ""multiplier"": 2.0}}"
0,2025-05-06 16:00:00,SHORT,0.4928,0.4903,0.002311856419423598,1.0,TP,1.0,54.16751758501888,1137.5178692853965,41.40591329136687,-0.0006992633177495453,,False,-114.69411092052538,,,,3,True,"{""EMA_FAST"": 20, ""EMA_SLOW"": 50, ""RSI"": 14, ""MACD"": true, ""ATR"": 7, ""OBV"": false, ""CCI"": 10, ""SUPER_TREND"": {""period"": 10, ""multiplier"": 2.0}}"
0,2025-05-06 16:05:00,SHORT,0.4903,0.4962,0.0024958769309345115,1.0,SL,-1.0,-56.87589346426983,1080.6419758211266,36.67088074462687,-0.0008744267569139745,,False,-121.61172161172075,,,,3,True,"{""EMA_FAST"": 20, ""EMA_SLOW"": 50, ""RSI"": 14, ""MACD"": true, ""ATR"": 7, ""OBV"": false, ""CCI"": 10, ""SUPER_TREND"": {""period"": 10, ""multiplier"": 2.0}}"
0,2025-05-06 16:15:00,SHORT,0.4948,0.4919,0.003005134071706987,1.0,TP,1.0,54.032098791056335,1134.674074612183,48.160617973799994,-0.0004249874446927666,,False,-0.7204610951015914,,,,3,True,"{""EMA_FAST"": 20, ""EMA_SLOW"": 50, ""RSI"": 14, ""MACD"": true, ""ATR"": 7, ""OBV"": false, ""CCI"": 10, ""SUPER_TREND"": {""period"": 10, ""multiplier"": 2.0}}"
0,2025-05-06 16:20:00,SHORT,0.4919,0.4942,0.003090114918605988,1.0,OPEN,0.0,0.0,1134.674074612183,42.94741109520371,-0.000499809771835921,,False,-65.45033304372572,,,,3,True,"{""EMA_FAST"": 20, ""EMA_SLOW"": 50, ""RSI"": 14, ""MACD"": true, ""ATR"": 7, ""OBV"": false, ""CCI"": 10, ""SUPER_TREND"": {""period"": 10, ""multiplier"": 2.0}}"
0,2025-05-06 16:35:00,SHORT,0.4937,0.492,0.0028783230974311763,1.0,OPEN,0.0,0.0,1134.674074612183,46.830747562798116,-0.0001955040339630253,,False,65.46003016591663,,,,3,True,"{""EMA_FAST"": 20, ""EMA_SLOW"": 50, ""RSI"": 14, ""MACD"": true, ""ATR"": 7, ""OBV"": false, ""CCI"": 10, ""SUPER_TREND"": {""period"": 10, ""multiplier"": 2.0}}"
0,2025-05-06 16:40:00,SHORT,0.492,0.4914,0.0028957055120838577,1.0,OPEN,0.0,0.0,1134.674074612183,43.62306278260867,-0.00026453185377716066,,False,-61.78861788618335,,,,3,True,"{""EMA_FAST"": 20, ""EMA_SLOW"": 50, ""RSI"": 14, ""MACD"": true, ""ATR"": 7, ""OBV"": false, ""CCI"": 10, ""SUPER_TREND"": {""period"": 10, ""multiplier"": 2.0}}"
0,2025-05-06 16:45:00,SHORT,0.4914,0.4923,0.0026963190103575924,1.0,OPEN,0.0,0.0,1134.674074612183,42.516179477601554,-0.0003265760828756642,,False,-107.32860520095029,,,,3,True,"{""EMA_FAST"": 20, ""EMA_SLOW"": 50, ""RSI"": 14, ""MACD"": true, ""ATR"": 7, ""OBV"": false, ""CCI"": 10, ""SUPER_TREND"": {""period"": 10, ""multiplier"": 2.0}}"
0,2025-05-06 16:55:00,SHORT,0.491,0.4902,0.0025340302933239502,1.0,SL,-1.0,-56.73370373060915,1077.9403708815737,42.19515524270111,-0.0003191704854314931,,False,-123.28205128205151,,,,3,True,"{""EMA_FAST"": 20, ""EMA_SLOW"": 50, ""RSI"": 14, ""MACD"": true, ""ATR"": 7, ""OBV"": false, ""CCI"": 10, ""SUPER_TREND"": {""period"": 10, ""multiplier"": 2.0}}"
0,2025-05-06 17:00:00,SHORT,0.4902,0.4942,0.002700597394277669,1.0,SL,-1.0,-53.89701854407868,1024.043352337495,40.640706590143225,-0.0003674467858767785,,False,-89.35323383084506,,,,3,True,"{""EMA_FAST"": 20, ""EMA_SLOW"": 50, ""RSI"": 14, ""MACD"": true, ""ATR"": 7, ""OBV"": false, ""CCI"": 10, ""SUPER_TREND"": {""period"": 10, ""multiplier"": 2.0}}"
0,2025-05-06 20:30:00,SHORT,0.4919,0.491,0.0018821273945648649,1.0,OPEN,0.0,0.0,1024.043352337495,32.31391810559991,-0.0008039124078386794,,False,-204.21475163070812,,,,3,True,"{""EMA_FAST"": 20, ""EMA_SLOW"": 50, ""RSI"": 14, ""MACD"": true, ""ATR"": 7, ""OBV"": false, ""CCI"": 10, ""SUPER_TREND"": {""period"": 10, ""multiplier"": 2.0}}"
0,2025-05-06 20:35:00,SHORT,0.491,0.4925,0.001884680623912743,1.0,OPEN,0.0,0.0,1024.043352337495,30.54533828645704,-0.0009297928390710278,,False,-164.09704792637797,,,,3,True,"{""EMA_FAST"": 20, ""EMA_SLOW"": 50, ""RSI"": 14, ""MACD"": true, ""ATR"": 7, ""OBV"": false, ""CCI"": 10, ""SUPER_TREND"": {""period"": 10, ""multiplier"": 2.0}}"
0,2025-05-06 20:45:00,SHORT,0.4904,0.4904,0.0020295612747113986,1.0,OPEN,0.0,0.0,1024.043352337495,32.389833912822425,-0.0009002790034533664,,False,-96.47478804105229,,,,3,True,"{""EMA_FAST"": 20, ""EMA_SLOW"": 50, ""RSI"": 14, ""MACD"": true, ""ATR"": 7, ""OBV"": false, ""CCI"": 10, ""SUPER_TREND"": {""period"": 10, ""multiplier"": 2.0}}"
0,2025-05-06 21:10:00,SHORT,0.4897,0.491,0.0020947205612040095,1.0,OPEN,0.0,0.0,1024.043352337495,35.01306157124951,-0.00037458504469556515,,False,-79.59866220735982,,,,3,True,"{""EMA_FAST"": 20, ""EMA_SLOW"": 50, ""RSI"": 14, ""MACD"": true, ""ATR"": 7, ""OBV"": false, ""CCI"": 10, ""SUPER_TREND"": {""period"": 10, ""multiplier"": 2.0}}"
0,2025-05-06 21:20:00,SHORT,0.4887,0.4827,0.0022695906163947843,1.0,TP,1.0,51.20216761687475,1075.2455199543697,34.90328865725752,-0.0003554723685912551,,False,-152.94117647059974,,,,3,True,"{""EMA_FAST"": 20, ""EMA_SLOW"": 50, ""RSI"": 14, ""MACD"": true, ""ATR"": 7, ""OBV"": false, ""CCI"": 10, ""SUPER_TREND"": {""period"": 10, ""multiplier"": 2.0}}"
0,2025-05-06 21:25:00,SHORT,0.4827,0.482,0.003016791956909816,1.0,OPEN,0.0,0.0,1075.2455199543697,26.03244606729598,-0.0007443218990498639,,False,-272.35414834359335,,,,3,True,"{""EMA_FAST"": 20, ""EMA_SLOW"": 50, ""RSI"": 14, ""MACD"": true, ""ATR"": 7, ""OBV"": false, ""CCI"": 10, ""SUPER_TREND"": {""period"": 10, ""multiplier"": 2.0}}"
0,2025-05-06 21:30:00,SHORT,0.482,0.483,0.0031286788202084096,1.0,TP,1.0,53.76227599771848,1129.0077959520881,25.226893707431586,-0.0009762724133003018,,False,-191.2824520274376,,,,3,True,"{""EMA_FAST"": 20, ""EMA_SLOW"": 50, ""RSI"": 14, ""MACD"": true, ""ATR"": 7, ""OBV"": false, ""CCI"": 10, ""SUPER_TREND"": {""period"": 10, ""multiplier"": 2.0}}"
0,2025-05-07 06:40:00,SHORT,0.507,0.5084,0.0017961123309136226,1.0,OPEN,0.0,0.0,1129.0077959520881,40.78696010864139,-0.000205374861015904,,False,-85.83959899749546,,,,3,True,"{""EMA_FAST"": 20, ""EMA_SLOW"": 50, ""RSI"": 14, ""MACD"": true, ""ATR"": 7, ""OBV"": false, ""CCI"": 10, ""SUPER_TREND"": {""period"": 10, ""multiplier"": 2.0}}"
0,2025-05-07 12:35:00,SHORT,0.5162,0.5164,0.0018082202847271717,1.0,OPEN,0.0,0.0,1129.0077959520881,36.29014077849565,-0.00026862700395690947,,False,-151.37812230835527,,,,3,True,"{""EMA_FAST"": 20, ""EMA_SLOW"": 50, ""RSI"": 14, ""MACD"": true, ""ATR"": 7, ""OBV"": false, ""CCI"": 10, ""SUPER_TREND"": {""period"": 10, ""multiplier"": 2.0}}"
0,2025-05-07 12:45:00,SHORT,0.5161,0.5169,0.0017427740867383297,1.0,OPEN,0.0,0.0,1129.0077959520881,36.38077692001344,-0.00031195606255700033,,False,-114.54617518826626,,,,3,True,"{""EMA_FAST"": 20, ""EMA_SLOW"": 50, ""RSI"": 14, ""MACD"": true, ""ATR"": 7, ""OBV"": false, ""CCI"": 10, ""SUPER_TREND"": {""period"": 10, ""multiplier"": 2.0}}"
0,2025-05-07 13:00:00,SHORT,0.516,0.5144,0.0016858285794037217,1.0,TP,1.0,56.4503897976044,1185.4581857496926,38.26915010352905,-0.00017898129499233854,,False,-81.43939393939638,,,,3,True,"{""EMA_FAST"": 20, ""EMA_SLOW"": 50, ""RSI"": 14, ""MACD"": true, ""ATR"": 7, ""OBV"": false, ""CCI"": 10, ""SUPER_TREND"": {""period"": 10, ""multiplier"": 2.0}}"
0,2025-05-07 13:05:00,SHORT,0.5144,0.5153,0.0017449959252031889,1.0,OPEN,0.0,0.0,1185.4581857496926,32.964323017557405,-0.0002738559650908251,,False,-147.47327502429374,,,,3,True,"{""EMA_FAST"": 20, ""EMA_SLOW"": 50, ""RSI"": 14, ""MACD"": true, ""ATR"": 7, ""OBV"": false, ""CCI"": 10, ""SUPER_TREND"": {""period"": 10, ""multiplier"": 2.0}}"
0,2025-05-07 13:15:00,SHORT,0.5147,0.5143,0.0016820378225982625,1.0,OPEN,0.0,0.0,1185.4581857496926,36.14694400243533,-0.00025797105460147695,,False,-100.91743119265841,,,,3,True,"{""EMA_FAST"": 20, ""EMA_SLOW"": 50, ""RSI"": 14, ""MACD"": true, ""ATR"": 7, ""OBV"": false, ""CCI"": 10, ""SUPER_TREND"": {""period"": 10, ""multiplier"": 2.0}}"
0,2025-05-07 13:20:00,SHORT,0.5143,0.515,0.0016417467050842186,1.0,OPEN,0.0,0.0,1185.4581857496926,34.82947777824789,-0.0002637022845856914,,False,-106.71067106710848,,,,3,True,"{""EMA_FAST"": 20, ""EMA_SLOW"": 50, ""RSI"": 14, ""MACD"": true, ""ATR"": 7, ""OBV"": false, ""CCI"": 10, ""SUPER_TREND"": {""period"": 10, ""multiplier"": 2.0}}"
0,2025-05-07 14:55:00,SHORT,0.5159,0.5159,0.0022033711808678975,1.0,OPEN,0.0,0.0,1185.4581857496926,41.47802702209838,-0.0005121242533368039,,False,-108.97826528539467,,,,3,True,"{""EMA_FAST"": 20, ""EMA_SLOW"": 50, ""RSI"": 14, ""MACD"": true, ""ATR"": 7, ""OBV"": false, ""CCI"": 10, ""SUPER_TREND"": {""period"": 10, ""multiplier"": 2.0}}"
0,2025-05-07 15:05:00,SHORT,0.514,0.5138,0.0022800278063519266,1.0,OPEN,0.0,0.0,1185.4581857496926,36.53856923054689,-0.0006629839616557865,,False,-96.09535552815663,,,,3,True,"{""EMA_FAST"": 20, ""EMA_SLOW"": 50, ""RSI"": 14, ""MACD"": true, ""ATR"": 7, ""OBV"": false, ""CCI"": 10, ""SUPER_TREND"": {""period"": 10, ""multiplier"": 2.0}}"
0,2025-05-07 15:10:00,SHORT,0.5138,0.5137,0.0023257381197302296,1.0,OPEN,0.0,0.0,1185.4581857496926,36.05188171706937,-0.0007135526977758416,,False,-81.38528138528306,,,,3,True,"{""EMA_FAST"": 20, ""EMA_SLOW"": 50, ""RSI"": 14, ""MACD"": true, ""ATR"": 7, ""OBV"": false, ""CCI"": 10, ""SUPER_TREND"": {""period"": 10, ""multiplier"": 2.0}}"
0,2025-05-07 15:15:00,SHORT,0.5137,0.5142,0.002179204102625922,1.0,OPEN,0.0,0.0,1185.4581857496926,35.79515116468575,-0.0007125101676849419,,False,-87.88853161843147,,,,3,True,"{""EMA_FAST"": 20, ""EMA_SLOW"": 50, ""RSI"": 14, ""MACD"": true, ""ATR"": 7, ""OBV"": false, ""CCI"": 10, ""SUPER_TREND"": {""period"": 10, ""multiplier"": 2.0}}"
0,2025-05-07 15:25:00,SHORT,0.5112,0.5097,0.0023520683202966036,1.0,OPEN,0.0,0.0,1185.4581857496926,30.813553348074052,-0.0007464930970475291,,False,-149.52380952380443,,,,3,True,"{""EMA_FAST"": 20, ""EMA_SLOW"": 50, ""RSI"": 14, ""MACD"": true, ""ATR"": 7, ""OBV"": false, ""CCI"": 10, ""SUPER_TREND"": {""period"": 10, ""multiplier"": 2.0}}"
0,2025-05-07 15:30:00,SHORT,0.5097,0.5113,0.0023017728459685176,1.0,OPEN,0.0,0.0,1185.4581857496926,27.917579405971466,-0.0008638030221104918,,False,-193.19661458332405,,,,3,True,"{""EMA_FAST"": 20, ""EMA_SLOW"": 50, ""RSI"": 14, ""MACD"": true, ""ATR"": 7, ""OBV"": false, ""CCI"": 10, ""SUPER_TREND"": {""period"": 10, ""multiplier"": 2.0}}"
0,2025-05-07 15:45:00,SHORT,0.511,0.5105,0.0023955770691813302,1.0,OPEN,0.0,0.0,1185.4581857496926,36.666744193223536,-0.0005275801898548529,,False,-50.71225071225063,,,,3,True,"{""EMA_FAST"": 20, ""EMA_SLOW"": 50, ""RSI"": 14, ""MACD"": true, ""ATR"": 7, ""OBV"": false, ""CCI"": 10, ""SUPER_TREND"": {""period"": 10, ""multiplier"": 2.0}}"
0,2025-05-07 15:50:00,SHORT,0.5105,0.51,0.0022962089164411453,1.0,OPEN,0.0,0.0,1185.4581857496926,35.574874057516084,-0.0004883744890229684,,False,-72.69841269841366,,,,3,True,"{""EMA_FAST"": 20, ""EMA_SLOW"": 50, ""RSI"": 14, ""MACD"": true, ""ATR"": 7, ""OBV"": false, ""CCI"": 10, ""SUPER_TREND"": {""period"": 10, ""multiplier"": 2.0}}"
0,2025-05-07 15:55:00,SHORT,0.51,0.5083,0.002168179071235277,1.0,TP,1.0,59.27290928748463,1244.7310950371773,34.46947771023338,-0.00045623242925449435,,False,-98.7292277614886,,,,3,True,"{""EMA_FAST"": 20, ""EMA_SLOW"": 50, ""RSI"": 14, ""MACD"": true, ""ATR"": 7, ""OBV"": false, ""CCI"": 10, ""SUPER_TREND"": {""period"": 10, ""multiplier"": 2.0}}"
0,2025-05-07 16:00:00,SHORT,0.5083,0.5083,0.0022012963467730883,1.0,OPEN,0.0,0.0,1244.7310950371773,30.948393844552996,-0.0005057440133331207,,False,-130.64133016627423,,,,3,True,"{""EMA_FAST"": 20, ""EMA_SLOW"": 50, ""RSI"": 14, ""MACD"": true, ""ATR"": 7, ""OBV"": false, ""CCI"": 10, ""SUPER_TREND"": {""period"": 10, ""multiplier"": 2.0}}"
0,2025-05-07 16:15:00,SHORT,0.5074,0.5067,0.002159708486597629,1.0,OPEN,0.0,0.0,1244.7310950371773,30.431482518604582,-0.00040636125027788137,,False,-112.5730994151998,,,,3,True,"{""EMA_FAST"": 20, ""EMA_SLOW"": 50, ""RSI"": 14, ""MACD"": true, ""ATR"": 7, ""OBV"": false, ""CCI"": 10, ""SUPER_TREND"": {""period"": 10, ""multiplier"": 2.0}}"
0,2025-05-07 16:20:00,SHORT,0.5067,0.5046,0.0020940358456551155,1.0,TP,1.0,62.23655475185887,1306.9676497890362,29.00973717087159,-0.00041118421088711006,,False,-108.36762688614417,,,,3,True,"{""EMA_FAST"": 20, ""EMA_SLOW"": 50, ""RSI"": 14, ""MACD"": true, ""ATR"": 7, ""OBV"": false, ""CCI"": 10, ""SUPER_TREND"": {""period"": 10, ""multiplier"": 2.0}}"
0,2025-05-07 16:25:00,SHORT,0.5046,0.5045,0.00228060215341868,1.0,OPEN,0.0,0.0,1306.9676497890362,25.20525358412783,-0.0005066865359417815,,False,-128.15884476534745,,,,3,True,"{""EMA_FAST"": 20, ""EMA_SLOW"": 50, ""RSI"": 14, ""MACD"": true, ""ATR"": 7, ""OBV"": false, ""CCI"": 10, ""SUPER_TREND"": {""period"": 10, ""multiplier"": 2.0}}"
0,2025-05-07 16:30:00,SHORT,0.5045,0.5034,0.002197658988644588,1.0,TP,1.0,65.34838248945181,1372.316032278488,25.036870926524557,-0.0005252283714473824,,False,-144.26028238183298,,,,3,True,"{""EMA_FAST"": 20, ""EMA_SLOW"": 50, ""RSI"": 14, ""MACD"": true, ""ATR"": 7, ""OBV"": false, ""CCI"": 10, ""SUPER_TREND"": {""period"": 10, ""multiplier"": 2.0}}"
0,2025-05-07 16:35:00,SHORT,0.5034,0.504,0.0023265648474096617,1.0,OPEN,0.0,0.0,1372.316032278488,23.200811111708802,-0.0005571814315362186,,False,-145.43970142290473,,,,3,True,"{""EMA_FAST"": 20, ""EMA_SLOW"": 50, ""RSI"": 14, ""MACD"": true, ""ATR"": 7, ""OBV"": false, ""CCI"": 10, ""SUPER_TREND"": {""period"": 10, ""multiplier"": 2.0}}"
0,2025-05-08 22:55:00,SHORT,0.7041,0.6969,0.0047066032008168685,1.0,TP,1.0,68.6158016139244,1440.9318338924122,42.63661902700993,-0.0005685535304734137,,False,-51.701354476376494,,,,3,True,"{""EMA_FAST"": 20, ""EMA_SLOW"": 50, ""RSI"": 14, ""MACD"": true, ""ATR"": 7, ""OBV"": false, ""CCI"": 10, ""SUPER_TREND"": {""period"": 10, ""multiplier"": 2.0}}"
0,2025-05-08 23:00:00,SHORT,0.6969,0.7023,0.005405659886414467,1.0,SL,-1.0,-72.04659169462062,1368.8852421977915,34.99271778774376,-0.0008684087195159665,,False,-175.146198830409,,,,3,True,"{""EMA_FAST"": 20, ""EMA_SLOW"": 50, ""RSI"": 14, ""MACD"": true, ""ATR"": 7, ""OBV"": false, ""CCI"": 10, ""SUPER_TREND"": {""period"": 10, ""multiplier"": 2.0}}"
0,2025-05-08 23:10:00,SHORT,0.7002,0.701,0.005314362365528993,1.0,OPEN,0.0,0.0,1368.8852421977915,41.041230202942025,-0.0005787296233960709,,False,-70.75471698113009,,,,3,True,"{""EMA_FAST"": 20, ""EMA_SLOW"": 50, ""RSI"": 14, ""MACD"": true, ""ATR"": 7, ""OBV"": false, ""CCI"": 10, ""SUPER_TREND"": {""period"": 10, ""multiplier"": 2.0}}"
0,2025-05-08 23:25:00,SHORT,0.7009,0.703,0.00460058971123693,1.0,OPEN,0.0,0.0,1368.8852421977915,42.55172125894601,-0.00011406112234181587,,False,-4.587155963304518,,,,3,True,"{""EMA_FAST"": 20, ""EMA_SLOW"": 50, ""RSI"": 14, ""MACD"": true, ""ATR"": 7, ""OBV"": false, ""CCI"": 10, ""SUPER_TREND"": {""period"": 10, ""multiplier"": 2.0}}"
0,2025-05-09 05:15:00,SHORT,0.7173,0.7161,0.007233491466556336,1.0,OPEN,0.0,0.0,1368.8852421977915,38.74861272857939,-0.002072001522473561,,False,-61.29279020845592,,,,3,True,"{""EMA_FAST"": 20, ""EMA_SLOW"": 50, ""RSI"": 14, ""MACD"": true, ""ATR"": 7, ""OBV"": false, ""CCI"": 10, ""SUPER_TREND"": {""period"": 10, ""multiplier"": 2.0}}"
0,2025-05-09 05:20:00,SHORT,0.7161,0.7184,0.006628706971334003,1.0,OPEN,0.0,0.0,1368.8852421977915,37.924644688361894,-0.001907621422256783,,False,-106.85504971219031,,,,3,True,"{""EMA_FAST"": 20, ""EMA_SLOW"": 50, ""RSI"": 14, ""MACD"": true, ""ATR"": 7, ""OBV"": false, ""CCI"": 10, ""SUPER_TREND"": {""period"": 10, ""multiplier"": 2.0}}"
0,2025-05-09 05:30:00,SHORT,0.7177,0.7211,0.006106805121796405,1.0,OPEN,0.0,0.0,1368.8852421977915,39.983676261953335,-0.0012188754584285455,,False,-62.1339444868887,,,,3,True,"{""EMA_FAST"": 20, ""EMA_SLOW"": 50, ""RSI"": 14, ""MACD"": true, ""ATR"": 7, ""OBV"": false, ""CCI"": 10, ""SUPER_TREND"": {""period"": 10, ""multiplier"": 2.0}}"
0,2025-05-09 09:05:00,SHORT,0.6931,0.6971,0.025439204648487177,1.0,OPEN,0.0,0.0,1368.8852421977915,30.296964748793272,-0.009550941367295613,,False,-123.04537755192976,,,,3,True,"{""EMA_FAST"": 20, ""EMA_SLOW"": 50, ""RSI"": 14, ""MACD"": true, ""ATR"": 7, ""OBV"": false, ""CCI"": 10, ""SUPER_TREND"": {""period"": 10, ""multiplier"": 2.0}}"
0,2025-05-09 09:20:00,SHORT,0.694,0.6908,0.020304572023537113,1.0,OPEN,0.0,0.0,1368.8852421977915,31.780211478069646,-0.008278250599005233,,False,-70.62256450034215,,,,3,True,"{""EMA_FAST"": 20, ""EMA_SLOW"": 50, ""RSI"": 14, ""MACD"": true, ""ATR"": 7, ""OBV"": false, ""CCI"": 10, ""SUPER_TREND"": {""period"": 10, ""multiplier"": 2.0}}"
0,2025-05-09 09:25:00,SHORT,0.6908,0.6937,0.019546776020174655,1.0,OPEN,0.0,0.0,1368.8852421977915,30.967149589872278,-0.00757476219580263,,False,-77.64052543519321,,,,3,True,"{""EMA_FAST"": 20, ""EMA_SLOW"": 50, ""RSI"": 14, ""MACD"": true, ""ATR"": 7, ""OBV"": false, ""CCI"": 10, ""SUPER_TREND"": {""period"": 10, ""multiplier"": 2.0}}"
0,2025-05-09 09:40:00,SHORT,0.6923,0.6944,0.014755112595795103,1.0,OPEN,0.0,0.0,1368.8852421977915,32.58455292519689,-0.004234417860391845,,False,-62.98225308641894,,,,3,True,"{""EMA_FAST"": 20, ""EMA_SLOW"": 50, ""RSI"": 14, ""MACD"": true, ""ATR"": 7, ""OBV"": false, ""CCI"": 10, ""SUPER_TREND"": {""period"": 10, ""multiplier"": 2.0}}"
0,2025-05-09 09:50:00,SHORT,0.6904,0.6973,0.012595592927522931,1.0,OPEN,0.0,0.0,1368.8852421977915,32.596021531545716,-0.0023849757951510397,,False,-97.18208092485673,,,,3,True,"{""EMA_FAST"": 20, ""EMA_SLOW"": 50, ""RSI"": 14, ""MACD"": true, ""ATR"": 7, ""OBV"": false, ""CCI"": 10, ""SUPER_TREND"": {""period"": 10, ""multiplier"": 2.0}}"
0,2025-05-09 10:00:00,SHORT,0.6956,0.6984,0.010966149905935214,1.0,OPEN,0.0,0.0,1368.8852421977915,36.66773780375703,-0.0003772642885043337,,False,94.51985922574048,,,,3,True,"{""EMA_FAST"": 20, ""EMA_SLOW"": 50, ""RSI"": 14, ""MACD"": true, ""ATR"": 7, ""OBV"": false, ""CCI"": 10, ""SUPER_TREND"": {""period"": 10, ""multiplier"": 2.0}}"
0,2025-05-09 12:00:00,SHORT,0.6955,0.6927,0.007651436250552459,1.0,OPEN,0.0,0.0,1368.8852421977915,39.803447356785476,-0.0003650096265998106,,False,-128.3707865168542,,,,3,True,"{""EMA_FAST"": 20, ""EMA_SLOW"": 50, ""RSI"": 14, ""MACD"": true, ""ATR"": 7, ""OBV"": false, ""CCI"": 10, ""SUPER_TREND"": {""period"": 10, ""multiplier"": 2.0}}"
0,2025-05-09 12:05:00,SHORT,0.6927,0.6947,0.00788694535761639,1.0,OPEN,0.0,0.0,1368.8852421977915,37.87407257373729,-0.0007683134868964191,,False,-135.47160845806613,,,,3,True,"{""EMA_FAST"": 20, ""EMA_SLOW"": 50, ""RSI"": 14, ""MACD"": true, ""ATR"": 7, ""OBV"": false, ""CCI"": 10, ""SUPER_TREND"": {""period"": 10, ""multiplier"": 2.0}}"
0,2025-05-09 14:20:00,SHORT,0.7006,0.6963,0.006756259105324301,1.0,OPEN,0.0,0.0,1368.8852421977915,42.3857730796471,-0.0007293488661132286,,False,-167.21471197174884,,,,3,True,"{""EMA_FAST"": 20, ""EMA_SLOW"": 50, ""RSI"": 14, ""MACD"": true, ""ATR"": 7, ""OBV"": false, ""CCI"": 10, ""SUPER_TREND"": {""period"": 10, ""multiplier"": 2.0}}"
0,2025-05-09 14:25:00,SHORT,0.6963,0.7028,0.006519650661706543,1.0,SL,-1.0,-68.44426210988958,1300.4409800879018,38.705573278541245,-0.0014465232933511328,,False,-171.6237056620403,,,,3,True,"{""EMA_FAST"": 20, ""EMA_SLOW"": 50, ""RSI"": 14, ""MACD"": true, ""ATR"": 7, ""OBV"": false, ""CCI"": 10, ""SUPER_TREND"": {""period"": 10, ""multiplier"": 2.0}}"
0,2025-05-09 14:35:00,SHORT,0.6887,0.6969,0.008675661710641543,1.0,SL,-1.0,-65.0220490043951,1235.4189310835068,35.9080009494639,-0.002239149988937687,,False,-146.80021155625988,,,,3,True,"{""EMA_FAST"": 20, ""EMA_SLOW"": 50, ""RSI"": 14, ""MACD"": true, ""ATR"": 7, ""OBV"": false, ""CCI"": 10, ""SUPER_TREND"": {""period"": 10, ""multiplier"": 2.0}}"
0,2025-05-09 14:45:00,SHORT,0.6942,0.6968,0.0089759963588387,1.0,OPEN,0.0,0.0,1235.4189310835068,41.97139576902615,-0.0021044335500494844,,False,-77.84679089026845,,,,3,True,"{""EMA_FAST"": 20, ""EMA_SLOW"": 50, ""RSI"": 14, ""MACD"": true, ""ATR"": 7, ""OBV"": false, ""CCI"": 10, ""SUPER_TREND"": {""period"": 10, ""multiplier"": 2.0}}"
0,2025-05-09 14:55:00,SHORT,0.6959,0.7,0.007774201406493738,1.0,OPEN,0.0,0.0,1235.4189310835068,43.70788539625805,-0.001589476792275939,,False,-45.36679536679516,,,,3,True,"{""EMA_FAST"": 20, ""EMA_SLOW"": 50, ""RSI"": 14, ""MACD"": true, ""ATR"": 7, ""OBV"": false, ""CCI"": 10, ""SUPER_TREND"": {""period"": 10, ""multiplier"": 2.0}}"
0,2025-05-09 15:05:00,SHORT,0.7017,0.6991,0.006942270421097436,1.0,OPEN,0.0,0.0,1235.4189310835068,49.21276265098354,-0.0005989927486369905,,False,101.91570881226238,,,,3,True,"{""EMA_FAST"": 20, ""EMA_SLOW"": 50, ""RSI"": 14, ""MACD"": true, ""ATR"": 7, ""OBV"": false, ""CCI"": 10, ""SUPER_TREND"": {""period"": 10, ""multiplier"": 2.0}}"
0,2025-05-09 15:10:00,SHORT,0.6991,0.6982,0.00680766036094066,1.0,OPEN,0.0,0.0,1235.4189310835068,46.881796275360976,-0.0004097479461687356,,False,54.6259406817159,,,,3,True,"{""EMA_FAST"": 20, ""EMA_SLOW"": 50, ""RSI"": 14, ""MACD"": true, ""ATR"": 7, ""OBV"": false, ""CCI"": 10, ""SUPER_TREND"": {""period"": 10, ""multiplier"": 2.0}}"
0,2025-05-09 15:15:00,SHORT,0.6982,0.6901,0.006363708880806286,1.0,TP,1.0,61.77094655417534,1297.189877637682,46.06837596804941,-0.0003108038484358642,,False,41.05173876166316,,,,3,True,"{""EMA_FAST"": 20, ""EMA_SLOW"": 50, ""RSI"": 14, ""MACD"": true, ""ATR"": 7, ""OBV"": false, ""CCI"": 10, ""SUPER_TREND"": {""period"": 10, ""multiplier"": 2.0}}"
0,2025-05-09 15:20:00,SHORT,0.6901,0.6934,0.007068893326405384,1.0,OPEN,0.0,0.0,1297.189877637682,39.43650092862339,-0.0007324240907637634,,False,-103.84138785625596,,,,3,True,"{""EMA_FAST"": 20, ""EMA_SLOW"": 50, ""RSI"": 14, ""MACD"": true, ""ATR"": 7, ""OBV"": false, ""CCI"": 10, ""SUPER_TREND"": {""period"": 10, ""multiplier"": 2.0}}"
0,2025-05-09 15:45:00,SHORT,0.696,0.7018,0.006062332034636066,1.0,SL,-1.0,-64.8594938818841,1232.3303837557978,46.033324469368324,-5.06176424501484e-05,,False,-12.318485886767094,,,,3,True,"{""EMA_FAST"": 20, ""EMA_SLOW"": 50, ""RSI"": 14, ""MACD"": true, ""ATR"": 7, ""OBV"": false, ""CCI"": 10, ""SUPER_TREND"": {""period"": 10, ""multiplier"": 2.0}}"
0,2025-05-10 11:00:00,SHORT,0.7747,0.7774,0.008071986536586155,1.0,OPEN,0.0,0.0,1232.3303837557978,41.14189905687281,-0.0005243148012986035,,False,-241.2797412797429,,,,3,True,"{""EMA_FAST"": 20, ""EMA_SLOW"": 50, ""RSI"": 14, ""MACD"": true, ""ATR"": 7, ""OBV"": false, ""CCI"": 10, ""SUPER_TREND"": {""period"": 10, ""multiplier"": 2.0}}"
0,2025-05-10 11:15:00,SHORT,0.7762,0.7742,0.007774195603214595,1.0,OPEN,0.0,0.0,1232.3303837557978,43.85508587582079,-0.0001518367660597879,,False,-54.29031515987944,,,,3,True,"{""EMA_FAST"": 20, ""EMA_SLOW"": 50, ""RSI"": 14, ""MACD"": true, ""ATR"": 7, ""OBV"": false, ""CCI"": 10, ""SUPER_TREND"": {""period"": 10, ""multiplier"": 2.0}}"
0,2025-05-10 11:20:00,SHORT,0.7742,0.7708,0.007177881945612517,1.0,OPEN,0.0,0.0,1232.3303837557978,42.0690814489397,-0.0002942385144463879,,False,-86.57167530224086,,,,3,True,"{""EMA_FAST"": 20, ""EMA_SLOW"": 50, ""RSI"": 14, ""MACD"": true, ""ATR"": 7, ""OBV"": false, ""CCI"": 10, ""SUPER_TREND"": {""period"": 10, ""multiplier"": 2.0}}"
0,2025-05-10 11:25:00,SHORT,0.7708,0.7714,0.007152470239096444,1.0,OPEN,0.0,0.0,1232.3303837557978,39.15011431866823,-0.0005622283215118351,,False,-111.40701287172607,,,,3,True,"{""EMA_FAST"": 20, ""EMA_SLOW"": 50, ""RSI"": 14, ""MACD"": true, ""ATR"": 7, ""OBV"": false, ""CCI"": 10, ""SUPER_TREND"": {""period"": 10, ""multiplier"": 2.0}}"
0,2025-05-10 11:35:00,SHORT,0.7696,0.7598,0.006738549563417795,1.0,TP,1.0,61.61651918778989,1293.9469029435877,38.33036224626052,-0.0007418876575549173,,False,-106.00414078674902,,,,3,True,"{""EMA_FAST"": 20, ""EMA_SLOW"": 50, ""RSI"": 14, ""MACD"": true, ""ATR"": 7, ""OBV"": false, ""CCI"": 10, ""SUPER_TREND"": {""period"": 10, ""multiplier"": 2.0}}"
0,2025-05-10 11:40:00,SHORT,0.7598,0.7652,0.007818756768643822,1.0,OPEN,0.0,0.0,1293.9469029435877,30.996903111760915,-0.001366067704920865,,False,-200.45662100456386,,,,3,True,"{""EMA_FAST"": 20, ""EMA_SLOW"": 50, ""RSI"": 14, ""MACD"": true, ""ATR"": 7, ""OBV"": false, ""CCI"": 10, ""SUPER_TREND"": {""period"": 10, ""multiplier"": 2.0}}"
0,2025-05-10 11:50:00,SHORT,0.7641,0.7595,0.007244392727983213,1.0,OPEN,0.0,0.0,1293.9469029435877,37.20018834052605,-0.00124414395706626,,False,-97.44920017293524,,,,3,True,"{""EMA_FAST"": 20, ""EMA_SLOW"": 50, ""RSI"": 14, ""MACD"": true, ""ATR"": 7, ""OBV"": false, ""CCI"": 10, ""SUPER_TREND"": {""period"": 10, ""multiplier"": 2.0}}"
0,2025-05-10 11:55:00,SHORT,0.7595,0.7649,0.006923765195414183,1.0,OPEN,0.0,0.0,1293.9469029435877,33.86378942225062,-0.0013945826408347387,,False,-98.98843930635697,,,,3,True,"{""EMA_FAST"": 20, ""EMA_SLOW"": 50, ""RSI"": 14, ""MACD"": true, ""ATR"": 7, ""OBV"": false, ""CCI"": 10, ""SUPER_TREND"": {""period"": 10, ""multiplier"": 2.0}}"
0,2025-05-10 12:15:00,SHORT,0.766,0.7659,0.0065027487268874504,1.0,OPEN,0.0,0.0,1293.9469029435877,42.14600536281562,-1.2241401458571756e-05,,False,26.568867155667274,,,,3,True,"{""EMA_FAST"": 20, ""EMA_SLOW"": 50, ""RSI"": 14, ""MACD"": true, ""ATR"": 7, ""OBV"": false, ""CCI"": 10, ""SUPER_TREND"": {""period"": 10, ""multiplier"": 2.0}}"
0,2025-05-10 12:45:00,SHORT,0.7588,0.7654,0.005849133818406109,1.0,SL,-1.0,-64.69734514717939,1229.2495577964082,35.82816148602201,-7.536549289203012e-05,,False,-173.70892018779278,,,,3,True,"{""EMA_FAST"": 20, ""EMA_SLOW"": 50, ""RSI"": 14, ""MACD"": true, ""ATR"": 7, ""OBV"": false, ""CCI"": 10, ""SUPER_TREND"": {""period"": 10, ""multiplier"": 2.0}}"
0,2025-05-11 06:35:00,SHORT,1.1601,1.1547,0.017733986162202276,1.0,OPEN,0.0,0.0,1229.2495577964082,34.57025806191997,-0.004157825880709204,,False,-48.52212540577535,,,,3,True,"{""EMA_FAST"": 20, ""EMA_SLOW"": 50, ""RSI"": 14, ""MACD"": true, ""ATR"": 7, ""OBV"": false, ""CCI"": 10, ""SUPER_TREND"": {""period"": 10, ""multiplier"": 2.0}}"
0,2025-05-11 06:40:00,SHORT,1.1547,1.1408,0.01730055956760194,1.0,TP,1.0,61.46247788982041,1290.7120356862285,33.017940767055535,-0.004121645841696407,,False,-80.06797766448231,,,,3,True,"{""EMA_FAST"": 20, ""EMA_SLOW"": 50, ""RSI"": 14, ""MACD"": true, ""ATR"": 7, ""OBV"": false, ""CCI"": 10, ""SUPER_TREND"": {""period"": 10, ""multiplier"": 2.0}}"
0,2025-05-11 06:45:00,SHORT,1.1408,1.154,0.017771908200801656,1.0,OPEN,0.0,0.0,1290.7120356862285,29.362972454340323,-0.004666473701101931,,False,-130.9202104963716,,,,3,True,"{""EMA_FAST"": 20, ""EMA_SLOW"": 50, ""RSI"": 14, ""MACD"": true, ""ATR"": 7, ""OBV"": false, ""CCI"": 10, ""SUPER_TREND"": {""period"": 10, ""multiplier"": 2.0}}"
0,2025-05-11 07:00:00,SHORT,1.1373,1.1311,0.018569773094382395,1.0,OPEN,0.0,0.0,1290.7120356862285,33.473499321616,-0.002910195795502701,,False,-109.05982905982955,,,,3,True,"{""EMA_FAST"": 20, ""EMA_SLOW"": 50, ""RSI"": 14, ""MACD"": true, ""ATR"": 7, ""OBV"": false, ""CCI"": 10, ""SUPER_TREND"": {""period"": 10, ""multiplier"": 2.0}}"
0,2025-05-11 07:05:00,SHORT,1.1311,1.1435,0.01847409122375634,1.0,SL,-1.0,-64.53560178431142,1226.176433901917,31.983032198046416,-0.0033000505297623925,,False,-145.94788858939785,,,,3,True,"{""EMA_FAST"": 20, ""EMA_SLOW"": 50, ""RSI"": 14, ""MACD"": true, ""ATR"": 7, ""OBV"": false, ""CCI"": 10, ""SUPER_TREND"": {""period"": 10, ""multiplier"": 2.0}}"
0,2025-05-11 07:15:00,SHORT,1.1286,1.1399,0.019397291511331176,1.0,OPEN,0.0,0.0,1226.176433901917,34.07635566221086,-0.002571845497790614,,False,-100.92251653007138,,,,3,True,"{""EMA_FAST"": 20, ""EMA_SLOW"": 50, ""RSI"": 14, ""MACD"": true, ""ATR"": 7, ""OBV"": false, ""CCI"": 10, ""SUPER_TREND"": {""period"": 10, ""multiplier"": 2.0}}"
0,2025-05-11 07:25:00,SHORT,1.1357,1.1361,0.01801637743689639,1.0,OPEN,0.0,0.0,1226.176433901917,37.96745352111532,-0.0010898654697453908,,False,-52.2554188635006,,,,3,True,"{""EMA_FAST"": 20, ""EMA_SLOW"": 50, ""RSI"": 14, ""MACD"": true, ""ATR"": 7, ""OBV"": false, ""CCI"": 10, ""SUPER_TREND"": {""period"": 10, ""multiplier"": 2.0}}"
0,2025-05-11 07:35:00,SHORT,1.1271,1.0951,0.01717325689241366,1.0,TP,1.0,61.30882169509586,1287.485255597013,35.533761726942046,-0.000514460818216312,,False,-81.05256625085545,,,,3,True,"{""EMA_FAST"": 20, ""EMA_SLOW"": 50, ""RSI"": 14, ""MACD"": true, ""ATR"": 7, ""OBV"": false, ""CCI"": 10, ""SUPER_TREND"": {""period"": 10, ""multiplier"": 2.0}}"
0,2025-05-11 07:40:00,SHORT,1.0951,1.1188,0.01949136305064026,1.0,SL,-1.0,-64.37426277985065,1223.1109928171625,28.130253250215603,-0.002377226287705928,,False,-232.47402847249057,,,,3,True,"{""EMA_FAST"": 20, ""EMA_SLOW"": 50, ""RSI"": 14, ""MACD"": true, ""ATR"": 7, ""OBV"": false, ""CCI"": 10, ""SUPER_TREND"": {""period"": 10, ""multiplier"": 2.0}}"
0,2025-05-11 07:55:00,SHORT,1.1205,1.1267,0.01773625195025739,1.0,SL,-1.0,-61.155549640858126,1161.9554431763042,39.5353109618248,-0.0001032956887370498,,False,-27.366532077163075,,,,3,True,"{""EMA_FAST"": 20, ""EMA_SLOW"": 50, ""RSI"": 14, ""MACD"": true, ""ATR"": 7, ""OBV"": false, ""CCI"": 10, ""SUPER_TREND"": {""period"": 10, ""multiplier"": 2.0}}"
0,2025-05-11 08:30:00,SHORT,1.0916,1.1071,0.0177651676062419,1.0,SL,-1.0,-58.09777215881522,1103.857671017489,32.805009665860624,-8.064605698100691e-05,,False,-186.64302600472982,,,,3,True,"{""EMA_FAST"": 20, ""EMA_SLOW"": 50, ""RSI"": 14, ""MACD"": true, ""ATR"": 7, ""OBV"": false, ""CCI"": 10, ""SUPER_TREND"": {""period"": 10, ""multiplier"": 2.0}}"
0,2025-05-11 09:55:00,SHORT,1.0993,1.1161,0.012215820684769733,1.0,SL,-1.0,-55.192883550874456,1048.6647874666146,38.16217218537959,-9.059099462850259e-05,,False,-186.71261301319143,,,,3,True,"{""EMA_FAST"": 20, ""EMA_SLOW"": 50, ""RSI"": 14, ""MACD"": true, ""ATR"": 7, ""OBV"": false, ""CCI"": 10, ""SUPER_TREND"": {""period"": 10, ""multiplier"": 2.0}}"
0,2025-05-11 10:25:00,SHORT,1.0971,1.0871,0.013411524363731234,1.0,TP,1.0,52.43323937333073,1101.0980268399453,39.82555790329413,-0.00019319145577599648,,False,-106.79012345678683,,,,3,True,"{""EMA_FAST"": 20, ""EMA_SLOW"": 50, ""RSI"": 14, ""MACD"": true, ""ATR"": 7, ""OBV"": false, ""CCI"": 10, ""SUPER_TREND"": {""period"": 10, ""multiplier"": 2.0}}"
0,2025-05-11 10:30:00,SHORT,1.0871,1.0809,0.013852735168912512,1.0,OPEN,0.0,0.0,1101.0980268399453,36.12442343196897,-0.0012396570428476646,,False,-191.45739429062058,,,,3,True,"{""EMA_FAST"": 20, ""EMA_SLOW"": 50, ""RSI"": 14, ""MACD"": true, ""ATR"": 7, ""OBV"": false, ""CCI"": 10, ""SUPER_TREND"": {""period"": 10, ""multiplier"": 2.0}}"
0,2025-05-11 10:35:00,SHORT,1.0809,1.0831,0.013545201573353588,1.0,OPEN,0.0,0.0,1101.0980268399453,34.0138285205512,-0.002166950009411286,,False,-161.90237378803388,,,,3,True,"{""EMA_FAST"": 20, ""EMA_SLOW"": 50, ""RSI"": 14, ""MACD"": true, ""ATR"": 7, ""OBV"": false, ""CCI"": 10, ""SUPER_TREND"": {""period"": 10, ""multiplier"": 2.0}}"
0,2025-05-11 12:05:00,SHORT,1.1032,1.0989,0.015011168728842875,1.0,OPEN,0.0,0.0,1101.0980268399453,41.819398627779584,-0.0009016126236932559,,False,-195.55281037677653,,,,3,True,"{""EMA_FAST"": 20, ""EMA_SLOW"": 50, ""RSI"": 14, ""MACD"": true, ""ATR"": 7, ""OBV"": false, ""CCI"": 10, ""SUPER_TREND"": {""period"": 10, ""multiplier"": 2.0}}"
0,2025-05-11 12:10:00,SHORT,1.0989,1.1007,0.014409573196151057,1.0,OPEN,0.0,0.0,1101.0980268399453,39.899000446921775,-0.0020753755433369184,,False,-176.22152595478272,,,,3,True,"{""EMA_FAST"": 20, ""EMA_SLOW"": 50, ""RSI"": 14, ""MACD"": true, ""ATR"": 7, ""OBV"": false, ""CCI"": 10, ""SUPER_TREND"": {""period"": 10, ""multiplier"": 2.0}}"
0,2025-05-11 12:25:00,SHORT,1.0993,1.1065,0.01273984784364032,1.0,OPEN,0.0,0.0,1101.0980268399453,40.7105527143461,-0.002809783866943809,,False,-86.11258161284496,,,,3,True,"{""EMA_FAST"": 20, ""EMA_SLOW"": 50, ""RSI"": 14, ""MACD"": true, ""ATR"": 7, ""OBV"": false, ""CCI"": 10, ""SUPER_TREND"": {""period"": 10, ""multiplier"": 2.0}}"
0,2025-05-11 12:40:00,SHORT,1.1054,1.0895,0.012593898350514027,1.0,TP,1.0,55.054901341997265,1156.1529281819426,45.27808094322203,-0.001431002450128988,,False,-24.489644696380417,,,,3,True,"{""EMA_FAST"": 20, ""EMA_SLOW"": 50, ""RSI"": 14, ""MACD"": true, ""ATR"": 7, ""OBV"": false, ""CCI"": 10, ""SUPER_TREND"": {""period"": 10, ""multiplier"": 2.0}}"
0,2025-05-11 12:45:00,SHORT,1.0895,1.09,0.013423341443297734,1.0,OPEN,0.0,0.0,1156.1529281819426,36.87841151058406,-0.002172349473656996,,False,-143.78679888441516,,,,3,True,"{""EMA_FAST"": 20, ""EMA_SLOW"": 50, ""RSI"": 14, ""MACD"": true, ""ATR"": 7, ""OBV"": false, ""CCI"": 10, ""SUPER_TREND"": {""period"": 10, ""multiplier"": 2.0}}"
0,2025-05-11 13:20:00,SHORT,1.0855,1.0669,0.014760376701970612,1.0,TP,1.0,57.807646409097124,1213.9605745910396,38.79490375696137,-0.0004710989459710997,,False,-55.722271256252284,,,,3,True,"{""EMA_FAST"": 20, ""EMA_SLOW"": 50, ""RSI"": 14, ""MACD"": true, ""ATR"": 7, ""OBV"": false, ""CCI"": 10, ""SUPER_TREND"": {""period"": 10, ""multiplier"": 2.0}}"
0,2025-05-11 13:25:00,SHORT,1.0669,1.0475,0.016394608601689096,1.0,TP,1.0,60.69802872955198,1274.6586033205915,32.140832465711426,-0.002277571007231507,,False,-176.6360675155463,,,,3,True,"{""EMA_FAST"": 20, ""EMA_SLOW"": 50, ""RSI"": 14, ""MACD"": true, ""ATR"": 7, ""OBV"": false, ""CCI"": 10, ""SUPER_TREND"": {""period"": 10, ""multiplier"": 2.0}}"
0,2025-05-11 13:30:00,SHORT,1.0475,1.0488,0.02005252165859066,1.0,OPEN,0.0,0.0,1274.6586033205915,26.948917561799192,-0.004486568177575673,,False,-219.24997452359017,,,,3,True,"{""EMA_FAST"": 20, ""EMA_SLOW"": 50, ""RSI"": 14, ""MACD"": true, ""ATR"": 7, ""OBV"": false, ""CCI"": 10, ""SUPER_TREND"": {""period"": 10, ""multiplier"": 2.0}}"
0,2025-05-11 13:50:00,SHORT,1.0489,1.0344,0.016831057088518748,1.0,OPEN,0.0,0.0,1274.6586033205915,29.53906321879333,-0.004823229321692662,,False,-65.09318584232406,,,,3,True,"{""EMA_FAST"": 20, ""EMA_SLOW"": 50, ""RSI"": 14, ""MACD"": true, ""ATR"": 7, ""OBV"": false, ""CCI"": 10, ""SUPER_TREND"": {""period"": 10, ""multiplier"": 2.0}}"
0,2025-05-11 13:55:00,SHORT,1.0344,1.0519,0.016955191790158936,1.0,SL,-1.0,-63.732930166029576,1210.925673154562,25.523039727663402,-0.0051983115197260545,,False,-82.13370333969299,,,,3,True,"{""EMA_FAST"": 20, ""EMA_SLOW"": 50, ""RSI"": 14, ""MACD"": true, ""ATR"": 7, ""OBV"": false, ""CCI"": 10, ""SUPER_TREND"": {""period"": 10, ""multiplier"": 2.0}}"
0,2025-05-11 14:05:00,SHORT,1.0462,1.0449,0.016375242947871876,1.0,OPEN,0.0,0.0,1210.925673154562,34.870498138968,-0.0031754009232934886,,False,-48.65479199733551,,,,3,True,"{""EMA_FAST"": 20, ""EMA_SLOW"": 50, ""RSI"": 14, ""MACD"": true, ""ATR"": 7, ""OBV"": false, ""CCI"": 10, ""SUPER_TREND"": {""period"": 10, ""multiplier"": 2.0}}"
0,2025-05-11 14:10:00,SHORT,1.0449,1.0464,0.015064493955318734,1.0,OPEN,0.0,0.0,1210.925673154562,34.447129096872075,-0.002489465128291797,,False,-64.36163999532705,,,,3,True,"{""EMA_FAST"": 20, ""EMA_SLOW"": 50, ""RSI"": 14, ""MACD"": true, ""ATR"": 7, ""OBV"": false, ""CCI"": 10, ""SUPER_TREND"": {""period"": 10, ""multiplier"": 2.0}}"
0,2025-05-11 15:45:00,SHORT,1.0651,1.0479,0.012914722408525786,1.0,TP,1.0,60.546283657728104,1271.47195681229,43.076630066241144,-0.0002149560390852886,,True,-130.70127997115515,,,,3,True,"{""EMA_FAST"": 20, ""EMA_SLOW"": 50, ""RSI"": 14, ""MACD"": true, ""ATR"": 7, ""OBV"": false, ""CCI"": 10, ""SUPER_TREND"": {""period"": 10, ""multiplier"": 2.0}}"
0,2025-05-11 15:50:00,SHORT,1.0479,1.054,0.01421261920730782,1.0,OPEN,0.0,0.0,1271.47195681229,34.6600799219257,-0.001775590332149076,,False,-183.7808516409015,,,,3,True,"{""EMA_FAST"": 20, ""EMA_SLOW"": 50, ""RSI"": 14, ""MACD"": true, ""ATR"": 7, ""OBV"": false, ""CCI"": 10, ""SUPER_TREND"": {""period"": 10, ""multiplier"": 2.0}}"
0,2025-05-11 16:00:00,SHORT,1.0404,1.037,0.01430927125434862,1.0,OPEN,0.0,0.0,1271.47195681229,33.59593618809683,-0.0033000972550723496,,False,-134.0898564150073,,,,3,True,"{""EMA_FAST"": 20, ""EMA_SLOW"": 50, ""RSI"": 14, ""MACD"": true, ""ATR"": 7, ""OBV"": false, ""CCI"": 10, ""SUPER_TREND"": {""period"": 10, ""multiplier"": 2.0}}"
0,2025-05-11 16:05:00,SHORT,1.037,1.0333,0.013765089646584525,1.0,OPEN,0.0,0.0,1271.47195681229,32.35124741581983,-0.003972438871175795,,False,-133.64605400315975,,,,3,True,"{""EMA_FAST"": 20, ""EMA_SLOW"": 50, ""RSI"": 14, ""MACD"": true, ""ATR"": 7, ""OBV"": false, ""CCI"": 10, ""SUPER_TREND"": {""period"": 10, ""multiplier"": 2.0}}"
0,2025-05-11 16:10:00,SHORT,1.0333,1.0366,0.013198648268501026,1.0,OPEN,0.0,0.0,1271.47195681229,31.00503455732894,-0.004389997044436878,,False,-118.87474461731861,,,,3,True,"{""EMA_FAST"": 20, ""EMA_SLOW"": 50, ""RSI"": 14, ""MACD"": true, ""ATR"": 7, ""OBV"": false, ""CCI"": 10, ""SUPER_TREND"": {""period"": 10, ""multiplier"": 2.0}}"
0,2025-05-11 16:30:00,SHORT,1.0436,1.0482,0.01445920373010299,1.0,OPEN,0.0,0.0,1271.47195681229,41.30617591160971,-0.0012401394542564028,,True,11.036480969314171,,,,3,True,"{""EMA_FAST"": 20, ""EMA_SLOW"": 50, ""RSI"": 14, ""MACD"": true, ""ATR"": 7, ""OBV"": false, ""CCI"": 10, ""SUPER_TREND"": {""period"": 10, ""multiplier"": 2.0}}"
0,2025-05-11 16:40:00,SHORT,1.046,1.0409,0.01283533335272872,1.0,OPEN,0.0,0.0,1271.47195681229,42.989993986082986,-0.0004098430987237592,,True,25.614577961150918,,,,3,True,"{""EMA_FAST"": 20, ""EMA_SLOW"": 50, ""RSI"": 14, ""MACD"": true, ""ATR"": 7, ""OBV"": false, ""CCI"": 10, ""SUPER_TREND"": {""period"": 10, ""multiplier"": 2.0}}"
0,2025-05-11 16:45:00,SHORT,1.0409,1.0412,0.012787428588053183,1.0,OPEN,0.0,0.0,1271.47195681229,40.638614285603175,-0.00046122218403214007,,True,-16.96563648152214,,,,3,True,"{""EMA_FAST"": 20, ""EMA_SLOW"": 50, ""RSI"": 14, ""MACD"": true, ""ATR"": 7, ""OBV"": false, ""CCI"": 10, ""SUPER_TREND"": {""period"": 10, ""multiplier"": 2.0}}"
0,2025-05-11 20:40:00,SHORT,1.058,1.0539,0.008413825232649854,1.0,OPEN,0.0,0.0,1271.47195681229,37.468103331470886,-0.002679459650187719,,False,-125.82897033159009,,,,3,True,"{""EMA_FAST"": 20, ""EMA_SLOW"": 50, ""RSI"": 14, ""MACD"": true, ""ATR"": 7, ""OBV"": false, ""CCI"": 10, ""SUPER_TREND"": {""period"": 10, ""multiplier"": 2.0}}"
0,2025-05-11 20:45:00,SHORT,1.0539,1.0573,0.008311850199414167,1.0,OPEN,0.0,0.0,1271.47195681229,35.128312090562474,-0.0029652803742293956,,False,-126.27250815255975,,,,3,True,"{""EMA_FAST"": 20, ""EMA_SLOW"": 50, ""RSI"": 14, ""MACD"": true, ""ATR"": 7, ""OBV"": false, ""CCI"": 10, ""SUPER_TREND"": {""period"": 10, ""multiplier"": 2.0}}"
0,2025-05-11 21:00:00,SHORT,1.0617,1.0546,0.007552360475432814,1.0,TP,1.0,63.573597840614504,1335.0455546529045,43.258913662734734,-0.0015708735552415463,,False,-24.16826777227129,,,,3,True,"{""EMA_FAST"": 20, ""EMA_SLOW"": 50, ""RSI"": 14, ""MACD"": true, ""ATR"": 7, ""OBV"": false, ""CCI"": 10, ""SUPER_TREND"": {""period"": 10, ""multiplier"": 2.0}}"
0,2025-05-11 21:05:00,SHORT,1.0546,1.0526,0.007816308978942423,1.0,OPEN,0.0,0.0,1335.0455546529045,38.74084457651569,-0.0016536448064652363,,False,-84.30515063168639,,,,3,True,"{""EMA_FAST"": 20, ""EMA_SLOW"": 50, ""RSI"": 14, ""MACD"": true, ""ATR"": 7, ""OBV"": false, ""CCI"": 10, ""SUPER_TREND"": {""period"": 10, ""multiplier"": 2.0}}"
0,2025-05-11 21:10:00,SHORT,1.0526,1.0576,0.00768540769623635,1.0,SL,-1.0,-66.75227773264523,1268.2932769202591,37.55109331243444,-0.0017147765924512715,,False,-127.86885245901854,,,,3,True,"{""EMA_FAST"": 20, ""EMA_SLOW"": 50, ""RSI"": 14, ""MACD"": true, ""ATR"": 7, ""OBV"": false, ""CCI"": 10, ""SUPER_TREND"": {""period"": 10, ""multiplier"": 2.0}}"
0,2025-05-11 21:20:00,SHORT,1.0567,1.0538,0.007438258715602192,1.0,OPEN,0.0,0.0,1268.2932769202591,41.70283172390262,-0.0010041225358438325,,False,-6.161971830987021,,,,3,True,"{""EMA_FAST"": 20, ""EMA_SLOW"": 50, ""RSI"": 14, ""MACD"": true, ""ATR"": 7, ""OBV"": false, ""CCI"": 10, ""SUPER_TREND"": {""period"": 10, ""multiplier"": 2.0}}"
0,2025-05-11 21:25:00,SHORT,1.0538,1.0543,0.006975650327659019,1.0,OPEN,0.0,0.0,1268.2932769202591,39.69352682057821,-0.000904897279520007,,False,-61.390027322402794,,,,3,True,"{""EMA_FAST"": 20, ""EMA_SLOW"": 50, ""RSI"": 14, ""MACD"": true, ""ATR"": 7, ""OBV"": false, ""CCI"": 10, ""SUPER_TREND"": {""period"": 10, ""multiplier"": 2.0}}"
0,2025-05-11 21:40:00,SHORT,1.0493,1.0526,0.0066960363579427395,1.0,OPEN,0.0,0.0,1268.2932769202591,37.748828871977786,-0.0005201662415406857,,False,-114.00595998296868,,,,3,True,"{""EMA_FAST"": 20, ""EMA_SLOW"": 50, ""RSI"": 14, ""MACD"": true, ""ATR"": 7, ""OBV"": false, ""CCI"": 10, ""SUPER_TREND"": {""period"": 10, ""multiplier"": 2.0}}"
0,2025-05-11 22:25:00,SHORT,1.0482,1.0518,0.0077516958947509785,1.0,OPEN,0.0,0.0,1268.2932769202591,39.35458210915676,-0.00013496021523195113,,False,-113.02584896097316,,,,3,True,"{""EMA_FAST"": 20, ""EMA_SLOW"": 50, ""RSI"": 14, ""MACD"": true, ""ATR"": 7, ""OBV"": false, ""CCI"": 10, ""SUPER_TREND"": {""period"": 10, ""multiplier"": 2.0}}"
0,2025-05-11 22:35:00,SHORT,1.0469,1.0405,0.007878796983898678,1.0,OPEN,0.0,0.0,1268.2932769202591,39.54367134958718,-0.00010895347931806805,,False,-97.6457166562934,,,,3,True,"{""EMA_FAST"": 20, ""EMA_SLOW"": 50, ""RSI"": 14, ""MACD"": true, ""ATR"": 7, ""OBV"": false, ""CCI"": 10, ""SUPER_TREND"": {""period"": 10, ""multiplier"": 2.0}}"
0,2025-05-11 22:40:00,SHORT,1.0405,1.0473,0.008053254557627454,1.0,OPEN,0.0,0.0,1268.2932769202591,34.940119856145344,-0.000571483026275489,,False,-132.08987783595097,,,,3,True,"{""EMA_FAST"": 20, ""EMA_SLOW"": 50, ""RSI"": 14, ""MACD"": true, ""ATR"": 7, ""OBV"": false, ""CCI"": 10, ""SUPER_TREND"": {""period"": 10, ""multiplier"": 2.0}}"
0,2025-05-11 22:50:00,SHORT,1.0456,1.0518,0.007373819674991643,1.0,OPEN,0.0,0.0,1268.2932769202591,41.28139481489196,-0.0002687375811134419,,False,-46.38722554890361,,,,3,True,"{""EMA_FAST"": 20, ""EMA_SLOW"": 50, ""RSI"": 14, ""MACD"": true, ""ATR"": 7, ""OBV"": false, ""CCI"": 10, ""SUPER_TREND"": {""period"": 10, ""multiplier"": 2.0}}"
0,2025-05-12 10:20:00,SHORT,1.1092,1.1207,0.011161050743618941,1.0,SL,-1.0,-63.41466384601296,1204.8786130742462,42.0435549090059,-0.001364478661122158,,False,-57.199974205198764,,,,3,True,"{""EMA_FAST"": 20, ""EMA_SLOW"": 50, ""RSI"": 14, ""MACD"": true, ""ATR"": 7, ""OBV"": false, ""CCI"": 10, ""SUPER_TREND"": {""period"": 10, ""multiplier"": 2.0}}"
0,2025-05-12 11:15:00,SHORT,1.1065,1.102,0.009313718850032024,1.0,TP,1.0,60.24393065371231,1265.1225437279586,40.05189569274035,-0.001025343949020914,,True,-127.87596899224742,,,,3,True,"{""EMA_FAST"": 20, ""EMA_SLOW"": 50, ""RSI"": 14, ""MACD"": true, ""ATR"": 7, ""OBV"": false, ""CCI"": 10, ""SUPER_TREND"": {""period"": 10, ""multiplier"": 2.0}}"
0,2025-05-12 11:20:00,SHORT,1.102,1.105,0.009897473300027462,1.0,OPEN,0.0,0.0,1265.1225437279586,37.36161890217208,-0.0016427304181437883,,False,-135.0192678227368,,,,3,True,"{""EMA_FAST"": 20, ""EMA_SLOW"": 50, ""RSI"": 14, ""MACD"": true, ""ATR"": 7, ""OBV"": false, ""CCI"": 10, ""SUPER_TREND"": {""period"": 10, ""multiplier"": 2.0}}"
0,2025-05-12 11:40:00,SHORT,1.1028,1.0965,0.009492138857490857,1.0,OPEN,0.0,0.0,1265.1225437279586,40.186171342785286,-0.0011778638219494433,,False,-58.684883349314326,,,,3,True,"{""EMA_FAST"": 20, ""EMA_SLOW"": 50, ""RSI"": 14, ""MACD"": true, ""ATR"": 7, ""OBV"": false, ""CCI"": 10, ""SUPER_TREND"": {""period"": 10, ""multiplier"": 2.0}}"
0,2025-05-12 11:45:00,SHORT,1.0965,1.0921,0.009878976163563591,1.0,TP,1.0,63.25612718639793,1328.3786709143565,36.492972173180874,-0.001627548542853088,,False,-121.98795180723158,,,,3,True,"{""EMA_FAST"": 20, ""EMA_SLOW"": 50, ""RSI"": 14, ""MACD"": true, ""ATR"": 7, ""OBV"": false, ""CCI"": 10, ""SUPER_TREND"": {""period"": 10, ""multiplier"": 2.0}}"
0,2025-05-12 11:50:00,SHORT,1.0921,1.0883,0.010439122425911622,1.0,OPEN,0.0,0.0,1328.3786709143565,34.13355655409721,-0.0020759604620567912,,False,-186.88752922449453,,,,3,True,"{""EMA_FAST"": 20, ""EMA_SLOW"": 50, ""RSI"": 14, ""MACD"": true, ""ATR"": 7, ""OBV"": false, ""CCI"": 10, ""SUPER_TREND"": {""period"": 10, ""multiplier"": 2.0}}"
0,2025-05-12 11:55:00,SHORT,1.0883,1.0936,0.01010496207935282,1.0,OPEN,0.0,0.0,1328.3786709143565,32.19743721647619,-0.0024570459879359853,,False,-160.36575995082123,,,,3,True,"{""EMA_FAST"": 20, ""EMA_SLOW"": 50, ""RSI"": 14, ""MACD"": true, ""ATR"": 7, ""OBV"": false, ""CCI"": 10, ""SUPER_TREND"": {""period"": 10, ""multiplier"": 2.0}}"
0,2025-05-12 12:05:00,SHORT,1.0888,1.0943,0.009644461935851074,1.0,OPEN,0.0,0.0,1328.3786709143565,34.85186971858994,-0.002169292544315294,,False,-97.25577026301868,,,,3,True,"{""EMA_FAST"": 20, ""EMA_SLOW"": 50, ""RSI"": 14, ""MACD"": true, ""ATR"": 7, ""OBV"": false, ""CCI"": 10, ""SUPER_TREND"": {""period"": 10, ""multiplier"": 2.0}}"
0,2025-05-12 12:20:00,SHORT,1.0903,1.0888,0.009183392939194854,1.0,OPEN,0.0,0.0,1328.3786709143565,37.552719277788505,-0.0010176292797129498,,False,-43.24788238367331,,,,3,True,"{""EMA_FAST"": 20, ""EMA_SLOW"": 50, ""RSI"": 14, ""MACD"": true, ""ATR"": 7, ""OBV"": false, ""CCI"": 10, ""SUPER_TREND"": {""period"": 10, ""multiplier"": 2.0}}"
0,2025-05-12 12:25:00,SHORT,1.0888,1.0981,0.009342908233595586,1.0,SL,-1.0,-66.41893354571783,1261.9597373686386,36.610630125639716,-0.0009043732590185176,,False,-53.84247639535985,,,,3,True,"{""EMA_FAST"": 20, ""EMA_SLOW"": 50, ""RSI"": 14, ""MACD"": true, ""ATR"": 7, ""OBV"": false, ""CCI"": 10, ""SUPER_TREND"": {""period"": 10, ""multiplier"": 2.0}}"
0,2025-05-12 13:40:00,SHORT,1.0999,1.104,0.012698869118382278,1.0,OPEN,0.0,0.0,1261.9597373686386,42.9681784968615,-0.0006385997928457065,,False,-181.6442187384949,,,,3,True,"{""EMA_FAST"": 20, ""EMA_SLOW"": 50, ""RSI"": 14, ""MACD"": true, ""ATR"": 7, ""OBV"": false, ""CCI"": 10, ""SUPER_TREND"": {""period"": 10, ""multiplier"": 2.0}}"
0,2025-05-12 14:25:00,SHORT,1.0823,1.0919,0.013931715955870947,1.0,TP,1.0,63.097986868431924,1325.0577242370705,34.352152119486874,-0.00241851450383632,,False,-179.7197032151681,,,,3,True,"{""EMA_FAST"": 20, ""EMA_SLOW"": 50, ""RSI"": 14, ""MACD"": true, ""ATR"": 7, ""OBV"": false, ""CCI"": 10, ""SUPER_TREND"": {""period"": 10, ""multiplier"": 2.0}}"
0,2025-05-12 14:45:00,SHORT,1.0983,1.0864,0.015632821273972815,1.0,OPEN,0.0,0.0,1325.0577242370705,45.31908205678323,-0.0016938950820999067,,False,-33.13863876044551,,,,3,True,"{""EMA_FAST"": 20, ""EMA_SLOW"": 50, ""RSI"": 14, ""MACD"": true, ""ATR"": 7, ""OBV"": false, ""CCI"": 10, ""SUPER_TREND"": {""period"": 10, ""multiplier"": 2.0}}"
0,2025-05-12 14:50:00,SHORT,1.0864,1.084,0.015570989663405284,1.0,OPEN,0.0,0.0,1325.0577242370705,39.96870776366922,-0.0022468395153944793,,False,-69.6358712007227,,,,3,True,"{""EMA_FAST"": 20, ""EMA_SLOW"": 50, ""RSI"": 14, ""MACD"": true, ""ATR"": 7, ""OBV"": false, ""CCI"": 10, ""SUPER_TREND"": {""period"": 10, ""multiplier"": 2.0}}"
0,2025-05-12 14:55:00,SHORT,1.084,1.0703,0.01451799114006167,1.0,TP,1.0,66.25288621185354,1391.310610448924,38.96945276139887,-0.00261016963031986,,False,-84.76936466492637,,,,3,True,"{""EMA_FAST"": 20, ""EMA_SLOW"": 50, ""RSI"": 14, ""MACD"": true, ""ATR"": 7, ""OBV"": false, ""CCI"": 10, ""SUPER_TREND"": {""period"": 10, ""multiplier"": 2.0}}"
0,2025-05-12 15:00:00,SHORT,1.0703,1.0731,0.017029706691481433,1.0,OPEN,0.0,0.0,1391.310610448924,33.778049139540855,-0.0035507972955013943,,False,-122.78219467277513,,,,3,True,"{""EMA_FAST"": 20, ""EMA_SLOW"": 50, ""RSI"": 14, ""MACD"": true, ""ATR"": 7, ""OBV"": false, ""CCI"": 10, ""SUPER_TREND"": {""period"": 10, ""multiplier"": 2.0}}"
0,2025-05-12 15:15:00,SHORT,1.0773,1.0732,0.015720748237201154,1.0,OPEN,0.0,0.0,1391.310610448924,38.7601647427851,-0.002844142712890586,,False,-65.28219897933472,,,,3,True,"{""EMA_FAST"": 20, ""EMA_SLOW"": 50, ""RSI"": 14, ""MACD"": true, ""ATR"": 7, ""OBV"": false, ""CCI"": 10, ""SUPER_TREND"": {""period"": 10, ""multiplier"": 2.0}}"
0,2025-05-12 15:20:00,SHORT,1.0732,1.0766,0.01498921277474387,1.0,OPEN,0.0,0.0,1391.310610448924,36.96953508504826,-0.002631594212435316,,False,-68.1860036832417,,,,3,True,"{""EMA_FAST"": 20, ""EMA_SLOW"": 50, ""RSI"": 14, ""MACD"": true, ""ATR"": 7, ""OBV"": false, ""CCI"": 10, ""SUPER_TREND"": {""period"": 10, ""multiplier"": 2.0}}"
0,2025-05-12 15:35:00,SHORT,1.0721,1.0673,0.013489708336281851,1.0,OPEN,0.0,0.0,1391.310610448924,38.116243143008994,-0.0012381731494941484,,False,-45.865416806155714,,,,3,True,"{""EMA_FAST"": 20, ""EMA_SLOW"": 50, ""RSI"": 14, ""MACD"": true, ""ATR"": 7, ""OBV"": false, ""CCI"": 10, ""SUPER_TREND"": {""period"": 10, ""multiplier"": 2.0}}"
0,2025-05-12 15:40:00,SHORT,1.0673,1.0528,0.013076892859670149,1.0,TP,1.0,69.56553052244621,1460.8761409713702,35.946148353796744,-0.001352281917537822,,False,-167.07516339869005,,,,3,True,"{""EMA_FAST"": 20, ""EMA_SLOW"": 50, ""RSI"": 14, ""MACD"": true, ""ATR"": 7, ""OBV"": false, ""CCI"": 10, ""SUPER_TREND"": {""period"": 10, ""multiplier"": 2.0}}"
0,2025-05-12 15:45:00,SHORT,1.0528,1.0553,0.013423051022574423,1.0,OPEN,0.0,0.0,1460.8761409713702,30.328757068489793,-0.002203454747422952,,False,-258.9162142020594,,,,3,True,"{""EMA_FAST"": 20, ""EMA_SLOW"": 50, ""RSI"": 14, ""MACD"": true, ""ATR"": 7, ""OBV"": false, ""CCI"": 10, ""SUPER_TREND"": {""period"": 10, ""multiplier"": 2.0}}"
0,2025-05-12 15:55:00,SHORT,1.0495,1.0524,0.012686323200258778,1.0,OPEN,0.0,0.0,1460.8761409713702,30.167965337695748,-0.002654014658981829,,False,-139.82475626311148,,,,3,True,"{""EMA_FAST"": 20, ""EMA_SLOW"": 50, ""RSI"": 14, ""MACD"": true, ""ATR"": 7, ""OBV"": false, ""CCI"": 10, ""SUPER_TREND"": {""period"": 10, ""multiplier"": 2.0}}"
0,2025-05-12 17:40:00,SHORT,1.0355,1.0239,0.008044862972924434,1.0,TP,1.0,73.04380704856851,1533.9199480199386,32.916705571862934,-0.0001768893623468222,,False,-120.7017543859637,,,,3,True,"{""EMA_FAST"": 20, ""EMA_SLOW"": 50, ""RSI"": 14, ""MACD"": true, ""ATR"": 7, ""OBV"": false, ""CCI"": 10, ""SUPER_TREND"": {""period"": 10, ""multiplier"": 2.0}}"
0,2025-05-12 17:45:00,SHORT,1.0239,1.0297,0.009452739691078089,1.0,OPEN,0.0,0.0,1533.9199480199386,27.697527184143468,-0.0011521562990228686,,False,-177.67409711422283,,,,3,True,"{""EMA_FAST"": 20, ""EMA_SLOW"": 50, ""RSI"": 14, ""MACD"": true, ""ATR"": 7, ""OBV"": false, ""CCI"": 10, ""SUPER_TREND"": {""period"": 10, ""multiplier"": 2.0}}"
0,2025-05-12 18:05:00,SHORT,1.0104,1.0147,0.011520804098141263,1.0,OPEN,0.0,0.0,1533.9199480199386,27.52182522465401,-0.0017717803803463071,,False,-142.39373601789976,,,,3,True,"{""EMA_FAST"": 20, ""EMA_SLOW"": 50, ""RSI"": 14, ""MACD"": true, ""ATR"": 7, ""OBV"": false, ""CCI"": 10, ""SUPER_TREND"": {""period"": 10, ""multiplier"": 2.0}}"
0,2025-05-12 18:20:00,SHORT,1.0127,1.002,0.011542547187167698,1.0,TP,1.0,76.69599740099693,1610.6159454209355,33.57707180904295,-0.0015405444364983197,,False,-86.62544371922509,,,,3,True,"{""EMA_FAST"": 20, ""EMA_SLOW"": 50, ""RSI"": 14, ""MACD"": true, ""ATR"": 7, ""OBV"": false, ""CCI"": 10, ""SUPER_TREND"": {""period"": 10, ""multiplier"": 2.0}}"
0,2025-05-12 18:25:00,SHORT,1.002,0.9946,0.012965040446143735,1.0,OPEN,0.0,0.0,1610.6159454209355,29.855530595858937,-0.002126754155451053,,False,-147.02164851418624,,,,3,True,"{""EMA_FAST"": 20, ""EMA_SLOW"": 50, ""RSI"": 14, ""MACD"": true, ""ATR"": 7, ""OBV"": false, ""CCI"": 10, ""SUPER_TREND"": {""period"": 10, ""multiplier"": 2.0}}"
0,2025-05-12 18:30:00,SHORT,0.9946,0.9984,0.013298606096694643,1.0,OPEN,0.0,0.0,1610.6159454209355,27.578914474882183,-0.0027501825144396388,,False,-165.31734132933337,,,,3,True,"{""EMA_FAST"": 20, ""EMA_SLOW"": 50, ""RSI"": 14, ""MACD"": true, ""ATR"": 7, ""OBV"": false, ""CCI"": 10, ""SUPER_TREND"": {""period"": 10, ""multiplier"": 2.0}}"
0,2025-05-12 18:40:00,SHORT,0.9923,0.9712,0.012711220805734844,1.0,TP,1.0,80.53079727104678,1691.1467426919824,28.514691119518602,-0.002709870047826534,,False,-106.064296151972,,,,3,True,"{""EMA_FAST"": 20, ""EMA_SLOW"": 50, ""RSI"": 14, ""MACD"": true, ""ATR"": 7, ""OBV"": false, ""CCI"": 10, ""SUPER_TREND"": {""period"": 10, ""multiplier"": 2.0}}"
0,2025-05-12 18:45:00,SHORT,0.9712,0.991,0.014666760690629863,1.0,SL,-1.0,-84.55733713459911,1606.5894055573833,22.93028626999464,-0.0038329062754284566,,False,-152.1331945889693,,,,3,True,"{""EMA_FAST"": 20, ""EMA_SLOW"": 50, ""RSI"": 14, ""MACD"": true, ""ATR"": 7, ""OBV"": false, ""CCI"": 10, ""SUPER_TREND"": {""period"": 10, ""multiplier"": 2.0}}"
